<?xml version="1.0" encoding="UTF-8"?>
<neuroml xmlns="http://morphml.org/neuroml/schema" xmlns:meta="http://morphml.org/metadata/schema" xmlns:mml="http://morphml.org/morphml/schema" xmlns:bio="http://morphml.org/biophysics/schema" xmlns:cml="http://morphml.org/channelml/schema" xmlns:xsi="http://www.w3.org/2001/XMLSchema-instance" xsi:schemaLocation="http://morphml.org/neuroml/schema  NeuroML.xsd" lengthUnits="micron">
    <!--This Level 2 NeuroML file (specification version 1.2) has been automatically generated by neuroConstruct-->
    <cells>
        <cell name="LTSInterneuron">
            <meta:notes>A Simple cell for testing purposes</meta:notes>
            <mml:segments>
                <mml:segment id="0" name="Soma" cable="0">
                    <mml:proximal x="0.0" y="0.0" z="0.0" diameter="20.0"/>
                    <mml:distal x="0.0" y="0.0" z="0.0" diameter="20.0"/>
                </mml:segment>
                <mml:segment id="1" name="Segment_1" parent="0" cable="1">
                    <mml:proximal x="0.0" y="0.0" z="0.0" diameter="6.0"/>
                    <mml:distal x="0.0" y="0.0" z="30.0" diameter="6.0"/>
                    <mml:properties>
                        <meta:property>
                            <meta:tag>fractAlongParent</meta:tag>
                            <meta:value>0.5</meta:value>
                        </meta:property>
                    </mml:properties>
                </mml:segment>
                <mml:segment id="2" name="Segment_2" parent="1" cable="2">
                    <mml:proximal x="0.0" y="0.0" z="30.0" diameter="6.0"/>
                    <mml:distal x="0.0" y="0.0" z="60.0" diameter="6.0"/>
                </mml:segment>
                <mml:segment id="3" name="Segment_3" parent="2" cable="3">
                    <mml:proximal x="0.0" y="0.0" z="60.0" diameter="6.0"/>
                    <mml:distal x="0.0" y="0.0" z="90.0" diameter="6.0"/>
                </mml:segment>
                <mml:segment id="4" name="Segment_4" parent="0" cable="4">
                    <mml:proximal x="0.0" y="0.0" z="0.0" diameter="6.0"/>
                    <mml:distal x="0.0" y="0.0" z="-30.0" diameter="6.0"/>
                    <mml:properties>
                        <meta:property>
                            <meta:tag>fractAlongParent</meta:tag>
                            <meta:value>0.5</meta:value>
                        </meta:property>
                    </mml:properties>
                </mml:segment>
                <mml:segment id="5" name="Segment_5" parent="4" cable="5">
                    <mml:proximal x="0.0" y="0.0" z="-30.0" diameter="6.0"/>
                    <mml:distal x="0.0" y="0.0" z="-60.0" diameter="6.0"/>
                </mml:segment>
                <mml:segment id="6" name="Segment_6" parent="5" cable="6">
                    <mml:proximal x="0.0" y="0.0" z="-60.0" diameter="6.0"/>
                    <mml:distal x="0.0" y="0.0" z="-90.0" diameter="6.0"/>
                </mml:segment>
                <mml:segment id="7" name="Segment_7" parent="0" cable="7">
                    <mml:proximal x="0.0" y="0.0" z="0.0" diameter="6.0"/>
                    <mml:distal x="30.0" y="0.0" z="0.0" diameter="6.0"/>
                    <mml:properties>
                        <meta:property>
                            <meta:tag>fractAlongParent</meta:tag>
                            <meta:value>0.5</meta:value>
                        </meta:property>
                    </mml:properties>
                </mml:segment>
                <mml:segment id="8" name="Segment_8" parent="7" cable="8">
                    <mml:proximal x="30.0" y="0.0" z="0.0" diameter="6.0"/>
                    <mml:distal x="60.0" y="0.0" z="0.0" diameter="6.0"/>
                </mml:segment>
                <mml:segment id="9" name="Segment_9" parent="8" cable="9">
                    <mml:proximal x="60.0" y="0.0" z="0.0" diameter="6.0"/>
                    <mml:distal x="90.0" y="0.0" z="0.0" diameter="6.0"/>
                </mml:segment>
                <mml:segment id="10" name="Segment_10" parent="0" cable="10">
                    <mml:proximal x="0.0" y="0.0" z="0.0" diameter="6.0"/>
                    <mml:distal x="-30.0" y="0.0" z="0.0" diameter="6.0"/>
                    <mml:properties>
                        <meta:property>
                            <meta:tag>fractAlongParent</meta:tag>
                            <meta:value>0.5</meta:value>
                        </meta:property>
                    </mml:properties>
                </mml:segment>
                <mml:segment id="11" name="Segment_11" parent="10" cable="11">
                    <mml:proximal x="-30.0" y="0.0" z="0.0" diameter="6.0"/>
                    <mml:distal x="-60.0" y="0.0" z="0.0" diameter="6.0"/>
                </mml:segment>
                <mml:segment id="12" name="Segment_12" parent="11" cable="12">
                    <mml:proximal x="-60.0" y="0.0" z="0.0" diameter="6.0"/>
                    <mml:distal x="-90.0" y="0.0" z="0.0" diameter="6.0"/>
                </mml:segment>
                <mml:segment id="13" name="Segment_13" parent="0" cable="13">
                    <mml:proximal x="0.0" y="0.0" z="0.0" diameter="4.0"/>
                    <mml:distal x="20.0" y="0.0" z="20.0" diameter="4.0"/>
                    <mml:properties>
                        <meta:property>
                            <meta:tag>fractAlongParent</meta:tag>
                            <meta:value>0.5</meta:value>
                        </meta:property>
                    </mml:properties>
                </mml:segment>
                <mml:segment id="14" name="Segment_14" parent="13" cable="14">
                    <mml:proximal x="20.0" y="0.0" z="20.0" diameter="4.0"/>
                    <mml:distal x="40.0" y="0.0" z="40.0" diameter="4.0"/>
                </mml:segment>
                <mml:segment id="15" name="Segment_15" parent="14" cable="15">
                    <mml:proximal x="40.0" y="0.0" z="40.0" diameter="4.0"/>
                    <mml:distal x="50.0" y="0.0" z="60.0" diameter="4.0"/>
                </mml:segment>
                <mml:segment id="16" name="Segment_16" parent="14" cable="16">
                    <mml:proximal x="40.0" y="0.0" z="40.0" diameter="4.0"/>
                    <mml:distal x="60.0" y="0.0" z="50.0" diameter="4.0"/>
                </mml:segment>
            </mml:segments>
            <mml:cables>
                <mml:cable id="0" name="Soma">
                    <meta:group>all</meta:group>
                    <meta:group>soma_group</meta:group>
                </mml:cable>
                <mml:cable id="1" name="Section_1">
                    <meta:group>all</meta:group>
                    <meta:group>dendrite_group</meta:group>
                </mml:cable>
                <mml:cable id="2" name="Section_2">
                    <meta:group>all</meta:group>
                    <meta:group>dendrite_group</meta:group>
                </mml:cable>
                <mml:cable id="3" name="Section_3">
                    <meta:group>all</meta:group>
                    <meta:group>dendrite_group</meta:group>
                </mml:cable>
                <mml:cable id="4" name="Section_4">
                    <meta:group>all</meta:group>
                    <meta:group>dendrite_group</meta:group>
                </mml:cable>
                <mml:cable id="5" name="Section_5">
                    <meta:group>all</meta:group>
                    <meta:group>dendrite_group</meta:group>
                </mml:cable>
                <mml:cable id="6" name="Section_6">
                    <meta:group>all</meta:group>
                    <meta:group>dendrite_group</meta:group>
                </mml:cable>
                <mml:cable id="7" name="Section_7">
                    <meta:group>all</meta:group>
                    <meta:group>dendrite_group</meta:group>
                </mml:cable>
                <mml:cable id="8" name="Section_8">
                    <meta:group>all</meta:group>
                    <meta:group>dendrite_group</meta:group>
                </mml:cable>
                <mml:cable id="9" name="Section_9">
                    <meta:group>all</meta:group>
                    <meta:group>dendrite_group</meta:group>
                </mml:cable>
                <mml:cable id="10" name="Section_10">
                    <meta:group>all</meta:group>
                    <meta:group>dendrite_group</meta:group>
                </mml:cable>
                <mml:cable id="11" name="Section_11">
                    <meta:group>all</meta:group>
                    <meta:group>dendrite_group</meta:group>
                </mml:cable>
                <mml:cable id="12" name="Section_12">
                    <meta:group>all</meta:group>
                    <meta:group>dendrite_group</meta:group>
                </mml:cable>
                <mml:cable id="13" name="Section_13">
                    <meta:group>all</meta:group>
                    <meta:group>axon_group</meta:group>
                </mml:cable>
                <mml:cable id="14" name="Section_14">
                    <meta:group>all</meta:group>
                    <meta:group>axon_group</meta:group>
                </mml:cable>
                <mml:cable id="15" name="Section_15">
                    <meta:group>all</meta:group>
                    <meta:group>axon_group</meta:group>
                </mml:cable>
                <mml:cable id="16" name="Section_16">
                    <meta:group>all</meta:group>
                    <meta:group>axon_group</meta:group>
                </mml:cable>
            </mml:cables>
            <!--Adding the biophysical parameters-->
            <biophysics units="Physiological Units">
                <bio:mechanism name="LTSInterToNTPyram" type="Potential Synaptic Connection Location">
                    <bio:group>soma_group</bio:group>
                    <bio:group>axon_group</bio:group>
                </bio:mechanism>
                <bio:mechanism name="LeakConductance" type="Membrane Conductance" value="0.3">
                    <bio:group>all</bio:group>
                </bio:mechanism>
                <bio:mechanism name="initV" type="Initial Membrane Potential" value="-65.0">
                    <bio:group>all</bio:group>
                </bio:mechanism>
                <bio:mechanism name="cm" type="Specific Capacitance" value="1.0">
                    <bio:group>all</bio:group>
                </bio:mechanism>
                <bio:mechanism name="Ra" type="Specific Axial Resistance" value="0.03">
                    <bio:group>all</bio:group>
                </bio:mechanism>
            </biophysics>
        </cell>
    </cells>
</neuroml>