<?xml version="1.0" encoding="UTF-8"?>
<neuroml xmlns="http://morphml.org/neuroml/schema" xmlns:meta="http://morphml.org/metadata/schema" xmlns:mml="http://morphml.org/morphml/schema" xmlns:bio="http://morphml.org/biophysics/schema" xmlns:cml="http://morphml.org/channelml/schema" xmlns:xsi="http://www.w3.org/2001/XMLSchema-instance" xsi:schemaLocation="http://morphml.org/neuroml/schema  NeuroML.xsd" lengthUnits="micron">
    <!--This Level 2 NeuroML file (specification version 1.2) has been automatically generated by neuroConstruct-->
    <cells>
        <cell name="NonTuftPyramidal">
            <meta:notes>A Simple cell for testing purposes</meta:notes>
            <mml:segments>
                <mml:segment id="0" name="Soma" cable="0">
                    <mml:proximal x="0.0" y="0.0" z="0.0" diameter="40.0"/>
                    <mml:distal x="0.0" y="0.0" z="0.0" diameter="40.0"/>
                </mml:segment>
                <mml:segment id="1" name="Segment_1" parent="0" cable="1">
                    <mml:proximal x="0.0" y="0.0" z="0.0" diameter="10.0"/>
                    <mml:distal x="0.0" y="20.0" z="0.0" diameter="10.0"/>
                    <mml:properties>
                        <meta:property>
                            <meta:tag>fractAlongParent</meta:tag>
                            <meta:value>0.5</meta:value>
                        </meta:property>
                    </mml:properties>
                </mml:segment>
                <mml:segment id="2" name="Segment_2" parent="1" cable="1">
                    <mml:distal x="0.0" y="70.0" z="0.0" diameter="10.0"/>
                </mml:segment>
                <mml:segment id="3" name="Segment_3" parent="2" cable="2">
                    <mml:proximal x="0.0" y="70.0" z="0.0" diameter="10.0"/>
                    <mml:distal x="0.0" y="120.0" z="0.0" diameter="10.0"/>
                </mml:segment>
                <mml:segment id="4" name="Segment_4" parent="2" cable="3">
                    <mml:proximal x="0.0" y="70.0" z="0.0" diameter="8.0"/>
                    <mml:distal x="50.0" y="70.0" z="0.0" diameter="8.0"/>
                </mml:segment>
                <mml:segment id="7" name="Segment_7" parent="2" cable="4">
                    <mml:proximal x="0.0" y="70.0" z="0.0" diameter="8.0"/>
                    <mml:distal x="-50.0" y="70.0" z="0.0" diameter="8.0"/>
                </mml:segment>
                <mml:segment id="10" name="Segment_10" parent="3" cable="5">
                    <mml:proximal x="0.0" y="120.0" z="0.0" diameter="8.0"/>
                    <mml:distal x="0.0" y="120.0" z="50.0" diameter="8.0"/>
                </mml:segment>
                <mml:segment id="13" name="Segment_13" parent="3" cable="6">
                    <mml:proximal x="0.0" y="120.0" z="0.0" diameter="8.0"/>
                    <mml:distal x="0.0" y="120.0" z="-50.0" diameter="8.0"/>
                </mml:segment>
                <mml:segment id="16" name="Segment_16" parent="3" cable="7">
                    <mml:proximal x="0.0" y="120.0" z="0.0" diameter="10.0"/>
                    <mml:distal x="0.0" y="170.0" z="0.0" diameter="10.0"/>
                </mml:segment>
                <mml:segment id="17" name="Segment_17" parent="16" cable="8">
                    <mml:proximal x="0.0" y="170.0" z="0.0" diameter="8.0"/>
                    <mml:distal x="50.0" y="170.0" z="0.0" diameter="8.0"/>
                </mml:segment>
                <mml:segment id="20" name="Segment_20" parent="16" cable="9">
                    <mml:proximal x="0.0" y="170.0" z="0.0" diameter="8.0"/>
                    <mml:distal x="-50.0" y="170.0" z="0.0" diameter="8.0"/>
                </mml:segment>
                <mml:segment id="23" name="Segment_23" parent="16" cable="10">
                    <mml:proximal x="0.0" y="170.0" z="0.0" diameter="10.0"/>
                    <mml:distal x="0.0" y="220.0" z="0.0" diameter="9.0"/>
                </mml:segment>
                <mml:segment id="30" name="Segment_30" parent="0" cable="11">
                    <mml:proximal x="0.0" y="0.0" z="0.0" diameter="6.0"/>
                    <mml:distal x="0.0" y="-60.0" z="0.0" diameter="6.0"/>
                    <mml:properties>
                        <meta:property>
                            <meta:tag>fractAlongParent</meta:tag>
                            <meta:value>0.5</meta:value>
                        </meta:property>
                    </mml:properties>
                </mml:segment>
                <mml:segment id="31" name="Segment_31" parent="30" cable="12">
                    <mml:proximal x="0.0" y="-60.0" z="0.0" diameter="6.0"/>
                    <mml:distal x="0.0" y="-120.0" z="0.0" diameter="6.0"/>
                </mml:segment>
                <mml:segment id="32" name="Segment_32" parent="31" cable="13">
                    <mml:proximal x="0.0" y="-120.0" z="0.0" diameter="6.0"/>
                    <mml:distal x="0.0" y="-180.0" z="0.0" diameter="6.0"/>
                </mml:segment>
                <mml:segment id="33" name="Segment_33" parent="0" cable="14">
                    <mml:proximal x="0.0" y="0.0" z="0.0" diameter="6.0"/>
                    <mml:distal x="35.0" y="-35.0" z="35.0" diameter="6.0"/>
                    <mml:properties>
                        <meta:property>
                            <meta:tag>fractAlongParent</meta:tag>
                            <meta:value>0.5</meta:value>
                        </meta:property>
                    </mml:properties>
                </mml:segment>
                <mml:segment id="36" name="Segment_36" parent="0" cable="15">
                    <mml:proximal x="0.0" y="0.0" z="0.0" diameter="6.0"/>
                    <mml:distal x="35.0" y="-35.0" z="-35.0" diameter="6.0"/>
                    <mml:properties>
                        <meta:property>
                            <meta:tag>fractAlongParent</meta:tag>
                            <meta:value>0.5</meta:value>
                        </meta:property>
                    </mml:properties>
                </mml:segment>
                <mml:segment id="37" name="Segment_37" parent="36" cable="16">
                    <mml:proximal x="35.0" y="-35.0" z="-35.0" diameter="6.0"/>
                    <mml:distal x="70.0" y="-70.0" z="-70.0" diameter="6.0"/>
                </mml:segment>
                <mml:segment id="38" name="Segment_38" parent="37" cable="17">
                    <mml:proximal x="70.0" y="-70.0" z="-70.0" diameter="6.0"/>
                    <mml:distal x="105.0" y="-105.0" z="-105.0" diameter="6.0"/>
                </mml:segment>
                <mml:segment id="39" name="Segment_39" parent="0" cable="18">
                    <mml:proximal x="0.0" y="0.0" z="0.0" diameter="6.0"/>
                    <mml:distal x="-35.0" y="-35.0" z="35.0" diameter="6.0"/>
                    <mml:properties>
                        <meta:property>
                            <meta:tag>fractAlongParent</meta:tag>
                            <meta:value>0.5</meta:value>
                        </meta:property>
                    </mml:properties>
                </mml:segment>
                <mml:segment id="42" name="Segment_42" parent="0" cable="19">
                    <mml:proximal x="0.0" y="0.0" z="0.0" diameter="6.0"/>
                    <mml:distal x="-35.0" y="-35.0" z="-35.0" diameter="6.0"/>
                    <mml:properties>
                        <meta:property>
                            <meta:tag>fractAlongParent</meta:tag>
                            <meta:value>0.5</meta:value>
                        </meta:property>
                    </mml:properties>
                </mml:segment>
                <mml:segment id="45" name="AxonSeg" parent="0" cable="20">
                    <mml:proximal x="0.0" y="0.0" z="0.0" diameter="4.0"/>
                    <mml:distal x="0.0" y="0.0" z="50.0" diameter="4.0"/>
                    <mml:properties>
                        <meta:property>
                            <meta:tag>fractAlongParent</meta:tag>
                            <meta:value>0.5</meta:value>
                        </meta:property>
                    </mml:properties>
                </mml:segment>
                <mml:segment id="46" name="Segment_46" parent="45" cable="20">
                    <mml:distal x="0.0" y="0.0" z="100.0" diameter="4.0"/>
                </mml:segment>
                <mml:segment id="47" name="Segment_47" parent="46" cable="21">
                    <mml:proximal x="0.0" y="0.0" z="100.0" diameter="4.0"/>
                    <mml:distal x="0.0" y="20.0" z="130.0" diameter="4.0"/>
                </mml:segment>
                <mml:segment id="48" name="Segment_48" parent="46" cable="22">
                    <mml:proximal x="0.0" y="0.0" z="100.0" diameter="4.0"/>
                    <mml:distal x="0.0" y="-20.0" z="130.0" diameter="4.0"/>
                </mml:segment>
                <mml:segment id="49" name="Segment_49" parent="39" cable="23">
                    <mml:proximal x="-35.0" y="-35.0" z="35.0" diameter="6.0"/>
                    <mml:distal x="-70.0" y="-70.0" z="70.0" diameter="6.0"/>
                </mml:segment>
                <mml:segment id="50" name="Segment_50" parent="49" cable="24">
                    <mml:proximal x="-70.0" y="-70.0" z="70.0" diameter="6.0"/>
                    <mml:distal x="-105.0" y="-105.0" z="105.0" diameter="6.0"/>
                </mml:segment>
                <mml:segment id="51" name="Segment_51" parent="33" cable="25">
                    <mml:proximal x="35.0" y="-35.0" z="35.0" diameter="6.0"/>
                    <mml:distal x="70.0" y="-70.0" z="70.0" diameter="6.0"/>
                </mml:segment>
                <mml:segment id="52" name="Segment_52" parent="51" cable="26">
                    <mml:proximal x="70.0" y="-70.0" z="70.0" diameter="6.0"/>
                    <mml:distal x="105.0" y="-105.0" z="105.0" diameter="6.0"/>
                </mml:segment>
                <mml:segment id="53" name="Segment_53" parent="42" cable="27">
                    <mml:proximal x="-35.0" y="-35.0" z="-35.0" diameter="6.0"/>
                    <mml:distal x="-70.0" y="-70.0" z="-70.0" diameter="6.0"/>
                </mml:segment>
                <mml:segment id="54" name="Segment_54" parent="53" cable="28">
                    <mml:proximal x="-70.0" y="-70.0" z="-70.0" diameter="6.0"/>
                    <mml:distal x="-105.0" y="-105.0" z="-105.0" diameter="6.0"/>
                </mml:segment>
                <mml:segment id="55" name="Segment_55" parent="7" cable="29">
                    <mml:proximal x="-50.0" y="70.0" z="0.0" diameter="8.0"/>
                    <mml:distal x="-100.0" y="70.0" z="0.0" diameter="8.0"/>
                </mml:segment>
                <mml:segment id="56" name="Segment_56" parent="55" cable="30">
                    <mml:proximal x="-100.0" y="70.0" z="0.0" diameter="8.0"/>
                    <mml:distal x="-150.0" y="70.0" z="0.0" diameter="8.0"/>
                </mml:segment>
                <mml:segment id="57" name="Segment_57" parent="4" cable="31">
                    <mml:proximal x="50.0" y="70.0" z="0.0" diameter="8.0"/>
                    <mml:distal x="100.0" y="70.0" z="0.0" diameter="8.0"/>
                </mml:segment>
                <mml:segment id="58" name="Segment_58" parent="57" cable="32">
                    <mml:proximal x="100.0" y="70.0" z="0.0" diameter="8.0"/>
                    <mml:distal x="150.0" y="70.0" z="0.0" diameter="8.0"/>
                </mml:segment>
                <mml:segment id="59" name="Segment_59" parent="13" cable="33">
                    <mml:proximal x="0.0" y="120.0" z="-50.0" diameter="8.0"/>
                    <mml:distal x="0.0" y="120.0" z="-100.0" diameter="8.0"/>
                </mml:segment>
                <mml:segment id="60" name="Segment_60" parent="59" cable="34">
                    <mml:proximal x="0.0" y="120.0" z="-100.0" diameter="8.0"/>
                    <mml:distal x="0.0" y="120.0" z="-150.0" diameter="8.0"/>
                </mml:segment>
                <mml:segment id="61" name="Segment_61" parent="10" cable="35">
                    <mml:proximal x="0.0" y="120.0" z="50.0" diameter="8.0"/>
                    <mml:distal x="0.0" y="120.0" z="100.0" diameter="8.0"/>
                </mml:segment>
                <mml:segment id="62" name="Segment_62" parent="61" cable="36">
                    <mml:proximal x="0.0" y="120.0" z="100.0" diameter="8.0"/>
                    <mml:distal x="0.0" y="120.0" z="150.0" diameter="8.0"/>
                </mml:segment>
                <mml:segment id="63" name="Segment_63" parent="20" cable="37">
                    <mml:proximal x="-50.0" y="170.0" z="0.0" diameter="8.0"/>
                    <mml:distal x="-100.0" y="170.0" z="0.0" diameter="8.0"/>
                </mml:segment>
                <mml:segment id="64" name="Segment_64" parent="63" cable="38">
                    <mml:proximal x="-100.0" y="170.0" z="0.0" diameter="8.0"/>
                    <mml:distal x="-150.0" y="170.0" z="0.0" diameter="8.0"/>
                </mml:segment>
                <mml:segment id="65" name="Segment_65" parent="17" cable="39">
                    <mml:proximal x="50.0" y="170.0" z="0.0" diameter="8.0"/>
                    <mml:distal x="100.0" y="170.0" z="0.0" diameter="8.0"/>
                </mml:segment>
                <mml:segment id="66" name="Segment_66" parent="65" cable="40">
                    <mml:proximal x="100.0" y="170.0" z="0.0" diameter="8.0"/>
                    <mml:distal x="150.0" y="170.0" z="0.0" diameter="8.0"/>
                </mml:segment>
                <mml:segment id="67" name="Segment_43" parent="23" cable="41">
                    <mml:proximal x="0.0" y="220.0" z="0.0" diameter="9.0"/>
                    <mml:distal x="0.0" y="270.0" z="0.0" diameter="8.0"/>
                </mml:segment>
                <mml:segment id="68" name="Segment_44" parent="67" cable="42">
                    <mml:proximal x="0.0" y="270.0" z="0.0" diameter="8.0"/>
                    <mml:distal x="0.0" y="320.0" z="0.0" diameter="7.0"/>
                </mml:segment>
                <mml:segment id="69" name="Segment_45" parent="68" cable="43">
                    <mml:proximal x="0.0" y="320.0" z="0.0" diameter="7.0"/>
                    <mml:distal x="0.0" y="370.0" z="0.0" diameter="6.0"/>
                </mml:segment>
                <mml:segment id="70" name="Segment_67" parent="69" cable="44">
                    <mml:proximal x="0.0" y="370.0" z="0.0" diameter="6.0"/>
                    <mml:distal x="0.0" y="420.0" z="0.0" diameter="5.0"/>
                </mml:segment>
                <mml:segment id="71" name="Segment_68" parent="70" cable="45">
                    <mml:proximal x="0.0" y="420.0" z="0.0" diameter="5.0"/>
                    <mml:distal x="0.0" y="470.0" z="0.0" diameter="4.0"/>
                </mml:segment>
                <mml:segment id="72" name="Segment_69" parent="71" cable="46">
                    <mml:proximal x="0.0" y="470.0" z="0.0" diameter="4.0"/>
                    <mml:distal x="0.0" y="520.0" z="0.0" diameter="3.0"/>
                </mml:segment>
            </mml:segments>
            <mml:cables>
                <mml:cable id="0" name="Soma">
                    <meta:group>all</meta:group>
                    <meta:group>soma_group</meta:group>
                    <meta:group>Level1</meta:group>
                </mml:cable>
                <mml:cable id="1" name="Section_1">
                    <meta:group>all</meta:group>
                    <meta:group>dendrite_group</meta:group>
                    <meta:group>Level5</meta:group>
                </mml:cable>
                <mml:cable id="2" name="Section_2">
                    <meta:group>all</meta:group>
                    <meta:group>dendrite_group</meta:group>
                    <meta:group>Level6</meta:group>
                </mml:cable>
                <mml:cable id="3" name="Section_3">
                    <meta:group>all</meta:group>
                    <meta:group>dendrite_group</meta:group>
                    <meta:group>Level2</meta:group>
                </mml:cable>
                <mml:cable id="4" name="Section_4">
                    <meta:group>all</meta:group>
                    <meta:group>dendrite_group</meta:group>
                    <meta:group>Level2</meta:group>
                </mml:cable>
                <mml:cable id="5" name="Section_5">
                    <meta:group>all</meta:group>
                    <meta:group>dendrite_group</meta:group>
                    <meta:group>Level2</meta:group>
                </mml:cable>
                <mml:cable id="6" name="Section_6">
                    <meta:group>all</meta:group>
                    <meta:group>dendrite_group</meta:group>
                    <meta:group>Level2</meta:group>
                </mml:cable>
                <mml:cable id="7" name="Section_7">
                    <meta:group>all</meta:group>
                    <meta:group>dendrite_group</meta:group>
                    <meta:group>Level7</meta:group>
                </mml:cable>
                <mml:cable id="8" name="Section_8">
                    <meta:group>all</meta:group>
                    <meta:group>dendrite_group</meta:group>
                    <meta:group>Level2</meta:group>
                </mml:cable>
                <mml:cable id="9" name="Section_9">
                    <meta:group>all</meta:group>
                    <meta:group>dendrite_group</meta:group>
                    <meta:group>Level2</meta:group>
                </mml:cable>
                <mml:cable id="10" name="Section_10">
                    <meta:group>all</meta:group>
                    <meta:group>dendrite_group</meta:group>
                    <meta:group>Levels8to15</meta:group>
                </mml:cable>
                <mml:cable id="11" name="Section_12">
                    <meta:group>all</meta:group>
                    <meta:group>dendrite_group</meta:group>
                    <meta:group>Level2</meta:group>
                </mml:cable>
                <mml:cable id="12" name="Section_13">
                    <meta:group>all</meta:group>
                    <meta:group>dendrite_group</meta:group>
                    <meta:group>Level3</meta:group>
                </mml:cable>
                <mml:cable id="13" name="Section_14">
                    <meta:group>all</meta:group>
                    <meta:group>dendrite_group</meta:group>
                    <meta:group>Level4</meta:group>
                </mml:cable>
                <mml:cable id="14" name="Section_15">
                    <meta:group>all</meta:group>
                    <meta:group>dendrite_group</meta:group>
                    <meta:group>Level2</meta:group>
                </mml:cable>
                <mml:cable id="15" name="Section_16">
                    <meta:group>all</meta:group>
                    <meta:group>dendrite_group</meta:group>
                    <meta:group>Level2</meta:group>
                </mml:cable>
                <mml:cable id="16" name="Section_17">
                    <meta:group>all</meta:group>
                    <meta:group>dendrite_group</meta:group>
                    <meta:group>Level3</meta:group>
                </mml:cable>
                <mml:cable id="17" name="Section_18">
                    <meta:group>all</meta:group>
                    <meta:group>dendrite_group</meta:group>
                    <meta:group>Level4</meta:group>
                </mml:cable>
                <mml:cable id="18" name="Section_19">
                    <meta:group>all</meta:group>
                    <meta:group>dendrite_group</meta:group>
                    <meta:group>Level2</meta:group>
                </mml:cable>
                <mml:cable id="19" name="Section_20">
                    <meta:group>all</meta:group>
                    <meta:group>dendrite_group</meta:group>
                    <meta:group>Level2</meta:group>
                </mml:cable>
                <mml:cable id="20" name="AxonSection">
                    <meta:group>all</meta:group>
                    <meta:group>axon_group</meta:group>
                    <meta:group>Level0</meta:group>
                </mml:cable>
                <mml:cable id="21" name="Section_22">
                    <meta:group>all</meta:group>
                    <meta:group>axon_group</meta:group>
                    <meta:group>Level0</meta:group>
                </mml:cable>
                <mml:cable id="22" name="Section_23">
                    <meta:group>all</meta:group>
                    <meta:group>axon_group</meta:group>
                    <meta:group>Level0</meta:group>
                </mml:cable>
                <mml:cable id="23" name="Section_24">
                    <meta:group>all</meta:group>
                    <meta:group>dendrite_group</meta:group>
                    <meta:group>Level3</meta:group>
                </mml:cable>
                <mml:cable id="24" name="Section_25">
                    <meta:group>all</meta:group>
                    <meta:group>dendrite_group</meta:group>
                    <meta:group>Level4</meta:group>
                </mml:cable>
                <mml:cable id="25" name="Section_26">
                    <meta:group>all</meta:group>
                    <meta:group>dendrite_group</meta:group>
                    <meta:group>Level3</meta:group>
                </mml:cable>
                <mml:cable id="26" name="Section_27">
                    <meta:group>all</meta:group>
                    <meta:group>dendrite_group</meta:group>
                    <meta:group>Level4</meta:group>
                </mml:cable>
                <mml:cable id="27" name="Section_28">
                    <meta:group>all</meta:group>
                    <meta:group>dendrite_group</meta:group>
                    <meta:group>Level3</meta:group>
                </mml:cable>
                <mml:cable id="28" name="Section_29">
                    <meta:group>all</meta:group>
                    <meta:group>dendrite_group</meta:group>
                    <meta:group>Level4</meta:group>
                </mml:cable>
                <mml:cable id="29" name="Section_30">
                    <meta:group>all</meta:group>
                    <meta:group>dendrite_group</meta:group>
                    <meta:group>Level3</meta:group>
                </mml:cable>
                <mml:cable id="30" name="Section_31">
                    <meta:group>all</meta:group>
                    <meta:group>dendrite_group</meta:group>
                    <meta:group>Level4</meta:group>
                </mml:cable>
                <mml:cable id="31" name="Section_32">
                    <meta:group>all</meta:group>
                    <meta:group>dendrite_group</meta:group>
                    <meta:group>Level3</meta:group>
                </mml:cable>
                <mml:cable id="32" name="Section_33">
                    <meta:group>all</meta:group>
                    <meta:group>dendrite_group</meta:group>
                    <meta:group>Level4</meta:group>
                </mml:cable>
                <mml:cable id="33" name="Section_34">
                    <meta:group>all</meta:group>
                    <meta:group>dendrite_group</meta:group>
                    <meta:group>Level3</meta:group>
                </mml:cable>
                <mml:cable id="34" name="Section_35">
                    <meta:group>all</meta:group>
                    <meta:group>dendrite_group</meta:group>
                    <meta:group>Level4</meta:group>
                </mml:cable>
                <mml:cable id="35" name="Section_36">
                    <meta:group>all</meta:group>
                    <meta:group>dendrite_group</meta:group>
                    <meta:group>Level3</meta:group>
                </mml:cable>
                <mml:cable id="36" name="Section_37">
                    <meta:group>all</meta:group>
                    <meta:group>dendrite_group</meta:group>
                    <meta:group>Level4</meta:group>
                </mml:cable>
                <mml:cable id="37" name="Section_38">
                    <meta:group>all</meta:group>
                    <meta:group>dendrite_group</meta:group>
                    <meta:group>Level3</meta:group>
                </mml:cable>
                <mml:cable id="38" name="Section_39">
                    <meta:group>all</meta:group>
                    <meta:group>dendrite_group</meta:group>
                    <meta:group>Level4</meta:group>
                </mml:cable>
                <mml:cable id="39" name="Section_40">
                    <meta:group>all</meta:group>
                    <meta:group>dendrite_group</meta:group>
                    <meta:group>Level3</meta:group>
                </mml:cable>
                <mml:cable id="40" name="Section_41">
                    <meta:group>all</meta:group>
                    <meta:group>dendrite_group</meta:group>
                    <meta:group>Level4</meta:group>
                </mml:cable>
                <mml:cable id="41" name="Section_42">
                    <meta:group>all</meta:group>
                    <meta:group>dendrite_group</meta:group>
                    <meta:group>Levels8to15</meta:group>
                </mml:cable>
                <mml:cable id="42" name="Section_43">
                    <meta:group>all</meta:group>
                    <meta:group>dendrite_group</meta:group>
                    <meta:group>Levels8to15</meta:group>
                </mml:cable>
                <mml:cable id="43" name="Section_44">
                    <meta:group>all</meta:group>
                    <meta:group>dendrite_group</meta:group>
                    <meta:group>Levels8to15</meta:group>
                </mml:cable>
                <mml:cable id="44" name="Section_45">
                    <meta:group>all</meta:group>
                    <meta:group>dendrite_group</meta:group>
                    <meta:group>Levels8to15</meta:group>
                </mml:cable>
                <mml:cable id="45" name="Section_46">
                    <meta:group>all</meta:group>
                    <meta:group>dendrite_group</meta:group>
                    <meta:group>Levels8to15</meta:group>
                </mml:cable>
                <mml:cable id="46" name="Section_47">
                    <meta:group>all</meta:group>
                    <meta:group>dendrite_group</meta:group>
                    <meta:group>Levels8to15</meta:group>
                </mml:cable>
            </mml:cables>
            <!--Adding the biophysical parameters-->
            <biophysics units="Physiological Units">
                <bio:mechanism name="LTSInterToNTPyram" type="Potential Synaptic Connection Location">
                    <bio:group>Levels8to15</bio:group>
                    <bio:group>Level3</bio:group>
                    <bio:group>Level4</bio:group>
                </bio:mechanism>
                <bio:mechanism name="KDR" type="Membrane Conductance" value="450.0">
                    <bio:group>Level0</bio:group>
                </bio:mechanism>
                <bio:mechanism name="NaF" type="Membrane Conductance" value="150.0">
                    <bio:group>Level5</bio:group>
                </bio:mechanism>
                <bio:mechanism name="KDR" type="Membrane Conductance" value="120.0">
                    <bio:group>Level5</bio:group>
                </bio:mechanism>
                <bio:mechanism name="KDR" type="Membrane Conductance" value="170.0">
                    <bio:group>Level1</bio:group>
                </bio:mechanism>
                <bio:mechanism name="LeakConductance" type="Membrane Conductance" value="0.02">
                    <bio:group>all</bio:group>
                </bio:mechanism>
                <bio:mechanism name="NaF" type="Membrane Conductance" value="75.0">
                    <bio:group>Level6</bio:group>
                </bio:mechanism>
                <bio:mechanism name="NaF" type="Membrane Conductance" value="5.0">
                    <bio:group>Level4</bio:group>
                </bio:mechanism>
                <bio:mechanism name="KDR" type="Membrane Conductance" value="75.0">
                    <bio:group>Level6</bio:group>
                </bio:mechanism>
                <bio:mechanism name="NaF" type="Membrane Conductance" value="5.0">
                    <bio:group>Level7</bio:group>
                </bio:mechanism>
                <bio:mechanism name="NaF" type="Membrane Conductance" value="450.0">
                    <bio:group>Level0</bio:group>
                </bio:mechanism>
                <bio:mechanism name="NaF" type="Membrane Conductance" value="75.0">
                    <bio:group>Level2</bio:group>
                </bio:mechanism>
                <bio:mechanism name="NaF" type="Membrane Conductance" value="5.0">
                    <bio:group>Levels8to15</bio:group>
                </bio:mechanism>
                <bio:mechanism name="NaF" type="Membrane Conductance" value="5.0">
                    <bio:group>Level3</bio:group>
                </bio:mechanism>
                <bio:mechanism name="KDR" type="Membrane Conductance" value="75.0">
                    <bio:group>Level2</bio:group>
                </bio:mechanism>
                <bio:mechanism name="NaF" type="Membrane Conductance" value="200.0">
                    <bio:group>Level1</bio:group>
                </bio:mechanism>
                <bio:mechanism name="initV" type="Initial Membrane Potential" value="-65.0">
                    <bio:group>all</bio:group>
                </bio:mechanism>
                <bio:mechanism name="cm" type="Specific Capacitance" value="1.0">
                    <bio:group>all</bio:group>
                </bio:mechanism>
                <bio:mechanism name="Ra" type="Specific Axial Resistance" value="0.03">
                    <bio:group>all</bio:group>
                </bio:mechanism>
            </biophysics>
        </cell>
    </cells>
</neuroml>