<?xml version="1.0" encoding="UTF-8"?> 
<java version="1.5.0_06" class="java.beans.XMLDecoder"> 

<!-- This is a neuroConstruct project file. It's best to open this
file with neuroConstruct, as opposed to editing it directly. -->

 <object class="ucl.physiol.neuroconstruct.project.BasicProjectInfo"> 
  <void property="projectDescription"> 
   <string>A very rough initial attempt to create and link together some of the cells in the Traub thalamocortical model.

Go to Generate -&gt; Generate Cell Positions and Connections (Note: this may take half a minute or so), followed by Visualisations -&gt; View, with Latest Generated Positions selected in the drop down box to see the full network

View the pyramidal cell on it&apos;s own (select in drop down box in Visualisations) and try the different drop down boxes at the bottom to see the morphology in different levels of detail, and the placement of channels and synaptic connection locations</string> 
  </void> 
  <void property="projectFileVersion"> 
   <string>neuroConstruct v0.9.3</string> 
  </void> 
  <void property="projectName"> 
   <string>Thalamocortical</string> 
  </void> 
 </object> 
 <object class="ucl.physiol.neuroconstruct.project.RegionsInfo"> 
  <void property="internalData"> 
   <void method="get"> 
    <string>Name</string> 
    <void method="add"> 
     <string>ThalamicRegion</string> 
    </void> 
    <void method="add"> 
     <string>Layer6</string> 
    </void> 
    <void method="add"> 
     <string>Layer5</string> 
    </void> 
    <void method="add"> 
     <string>Layer4</string> 
    </void> 
    <void method="add"> 
     <string>Layer2/3</string> 
    </void> 
   </void> 
   <void method="get"> 
    <string>Description</string> 
    <void method="add"> 
     <object class="ucl.physiol.neuroconstruct.project.RectangularBox"> 
      <void property="parameterList"> 
       <void index="0"> 
        <void property="value"> 
         <float>-250.0</float> 
        </void> 
       </void> 
       <void index="2"> 
        <void property="value"> 
         <float>-250.0</float> 
        </void> 
       </void> 
       <void index="3"> 
        <void property="value"> 
         <float>500.0</float> 
        </void> 
       </void> 
       <void index="4"> 
        <void property="value"> 
         <float>100.0</float> 
        </void> 
       </void> 
       <void index="5"> 
        <void property="value"> 
         <float>500.0</float> 
        </void> 
       </void> 
      </void> 
     </object> 
    </void> 
    <void method="add"> 
     <object class="ucl.physiol.neuroconstruct.project.RectangularBox"> 
      <void property="parameterList"> 
       <void index="0"> 
        <void property="value"> 
         <float>-250.0</float> 
        </void> 
       </void> 
       <void index="1"> 
        <void property="value"> 
         <float>300.0</float> 
        </void> 
       </void> 
       <void index="2"> 
        <void property="value"> 
         <float>-250.0</float> 
        </void> 
       </void> 
       <void index="3"> 
        <void property="value"> 
         <float>500.0</float> 
        </void> 
       </void> 
       <void index="4"> 
        <void property="value"> 
         <float>100.0</float> 
        </void> 
       </void> 
       <void index="5"> 
        <void property="value"> 
         <float>500.0</float> 
        </void> 
       </void> 
      </void> 
     </object> 
    </void> 
    <void method="add"> 
     <object class="ucl.physiol.neuroconstruct.project.RectangularBox"> 
      <void property="parameterList"> 
       <void index="0"> 
        <void property="value"> 
         <float>-250.0</float> 
        </void> 
       </void> 
       <void index="1"> 
        <void property="value"> 
         <float>400.0</float> 
        </void> 
       </void> 
       <void index="2"> 
        <void property="value"> 
         <float>-250.0</float> 
        </void> 
       </void> 
       <void index="3"> 
        <void property="value"> 
         <float>500.0</float> 
        </void> 
       </void> 
       <void index="4"> 
        <void property="value"> 
         <float>100.0</float> 
        </void> 
       </void> 
       <void index="5"> 
        <void property="value"> 
         <float>500.0</float> 
        </void> 
       </void> 
      </void> 
     </object> 
    </void> 
    <void method="add"> 
     <object class="ucl.physiol.neuroconstruct.project.RectangularBox"> 
      <void property="parameterList"> 
       <void index="0"> 
        <void property="value"> 
         <float>-250.0</float> 
        </void> 
       </void> 
       <void index="1"> 
        <void property="value"> 
         <float>500.0</float> 
        </void> 
       </void> 
       <void index="2"> 
        <void property="value"> 
         <float>-250.0</float> 
        </void> 
       </void> 
       <void index="3"> 
        <void property="value"> 
         <float>500.0</float> 
        </void> 
       </void> 
       <void index="4"> 
        <void property="value"> 
         <float>100.0</float> 
        </void> 
       </void> 
       <void index="5"> 
        <void property="value"> 
         <float>500.0</float> 
        </void> 
       </void> 
      </void> 
     </object> 
    </void> 
    <void method="add"> 
     <object class="ucl.physiol.neuroconstruct.project.RectangularBox"> 
      <void property="parameterList"> 
       <void index="0"> 
        <void property="value"> 
         <float>-250.0</float> 
        </void> 
       </void> 
       <void index="1"> 
        <void property="value"> 
         <float>600.0</float> 
        </void> 
       </void> 
       <void index="2"> 
        <void property="value"> 
         <float>-250.0</float> 
        </void> 
       </void> 
       <void index="3"> 
        <void property="value"> 
         <float>500.0</float> 
        </void> 
       </void> 
       <void index="4"> 
        <void property="value"> 
         <float>200.0</float> 
        </void> 
       </void> 
       <void index="5"> 
        <void property="value"> 
         <float>500.0</float> 
        </void> 
       </void> 
      </void> 
     </object> 
    </void> 
   </void> 
  </void> 
 </object> 
 <object class="ucl.physiol.neuroconstruct.project.CellGroupsInfo"> 
  <void property="internalData"> 
   <void method="get"> 
    <string>Cell Packing Adapter</string> 
    <void method="add"> 
     <object class="ucl.physiol.neuroconstruct.project.packing.RandomCellPackingAdapter"> 
      <void property="parameterList"> 
       <void index="2"> 
        <void property="value"> 
         <float>6.0</float> 
        </void> 
       </void> 
      </void> 
     </object> 
    </void> 
    <void method="add"> 
     <object class="ucl.physiol.neuroconstruct.project.packing.RandomCellPackingAdapter"> 
      <void property="parameterList"> 
       <void index="2"> 
        <void property="value"> 
         <float>10.0</float> 
        </void> 
       </void> 
      </void> 
     </object> 
    </void> 
    <void method="add"> 
     <object class="ucl.physiol.neuroconstruct.project.packing.RandomCellPackingAdapter"> 
      <void property="parameterList"> 
       <void index="2"> 
        <void property="value"> 
         <float>10.0</float> 
        </void> 
       </void> 
      </void> 
     </object> 
    </void> 
    <void method="add"> 
     <object class="ucl.physiol.neuroconstruct.project.packing.RandomCellPackingAdapter"/> 
    </void> 
   </void> 
   <void method="get"> 
    <string>Cell Type</string> 
    <void method="add"> 
     <string>NonTuftPyramidal</string> 
    </void> 
    <void method="add"> 
     <string>LTSInterneuron</string> 
    </void> 
    <void method="add"> 
     <string>LTSInterneuron</string> 
    </void> 
    <void method="add"> 
     <string>NonTuftPyramidal</string> 
    </void> 
   </void> 
   <void method="get"> 
    <string>Colour</string> 
    <void method="add"> 
     <object class="java.awt.Color"> 
      <int>102</int> 
      <int>102</int> 
      <int>136</int> 
      <int>255</int> 
     </object> 
    </void> 
    <void method="add"> 
     <object class="java.awt.Color"> 
      <int>204</int> 
      <int>102</int> 
      <int>0</int> 
      <int>255</int> 
     </object> 
    </void> 
    <void method="add"> 
     <object class="java.awt.Color"> 
      <int>255</int> 
      <int>204</int> 
      <int>51</int> 
      <int>255</int> 
     </object> 
    </void> 
    <void method="add"> 
     <object class="java.awt.Color"> 
      <int>55</int> 
      <int>213</int> 
      <int>2</int> 
      <int>255</int> 
     </object> 
    </void> 
   </void> 
   <void method="get"> 
    <string>Region Name</string> 
    <void method="add"> 
     <string>Layer6</string> 
    </void> 
    <void method="add"> 
     <string>Layer6</string> 
    </void> 
    <void method="add"> 
     <string>Layer2/3</string> 
    </void> 
    <void method="add"> 
     <string>Layer6</string> 
    </void> 
   </void> 
   <void method="get"> 
    <string>Cell Group Name</string> 
    <void method="add"> 
     <string>Layer6NonTuftPyram</string> 
    </void> 
    <void method="add"> 
     <string>DeepLTSInterneurons</string> 
    </void> 
    <void method="add"> 
     <string>SuperfLTSInterneurons</string> 
    </void> 
    <void method="add"> 
     <string>SingleNTPyr</string> 
    </void> 
   </void> 
  </void> 
 </object> 
 <object class="ucl.physiol.neuroconstruct.processes.CellProcessInfo"> 
  <void property="allCellProcesses"> 
   <void method="add"> 
    <object class="ucl.physiol.neuroconstruct.processes.ChannelMLCellProcess"> 
     <void property="channelMLFile"> 
      <string>LeakConductance.xml</string> 
     </void> 
     <void property="description"> 
      <string>Simple Leak conductance</string> 
     </void> 
     <void property="instanceName"> 
      <string>LeakConductance</string> 
     </void> 
     <void property="processModel"> 
      <string>Template based ChannelML file</string> 
     </void> 
     <void property="processType"> 
      <string>Channel mechanism</string> 
     </void> 
     <void property="simMappings"> 
      <void method="add"> 
       <object class="ucl.physiol.neuroconstruct.processes.SimXSLMapping"> 
        <void property="simEnv"> 
         <string>NEURON</string> 
        </void> 
        <void property="xslFile"> 
         <string>ChannelML_v1.2_NEURONmod.xsl</string> 
        </void> 
       </object> 
      </void> 
      <void method="add"> 
       <object class="ucl.physiol.neuroconstruct.processes.SimXSLMapping"> 
        <void property="simEnv"> 
         <string>GENESIS</string> 
        </void> 
        <void property="xslFile"> 
         <string>ChannelML_v1.2_GENESIStab.xsl</string> 
        </void> 
       </object> 
      </void> 
     </void> 
    </object> 
   </void> 
   <void method="add"> 
    <object class="ucl.physiol.neuroconstruct.processes.ChannelMLCellProcess"> 
     <void property="channelMLFile"> 
      <string>NaChannel.xml</string> 
     </void> 
     <void property="description"> 
      <string>Simple HH Na channel mapped to a mod file (NEURON) and a tabbed channel (GENESIS)</string> 
     </void> 
     <void property="instanceName"> 
      <string>NaF</string> 
     </void> 
     <void property="processModel"> 
      <string>Template based ChannelML file</string> 
     </void> 
     <void property="processType"> 
      <string>Channel mechanism</string> 
     </void> 
     <void property="simMappings"> 
      <void method="add"> 
       <object class="ucl.physiol.neuroconstruct.processes.SimXSLMapping"> 
        <void property="simEnv"> 
         <string>NEURON</string> 
        </void> 
        <void property="xslFile"> 
         <string>ChannelML_v1.2_NEURONmod.xsl</string> 
        </void> 
       </object> 
      </void> 
      <void method="add"> 
       <object class="ucl.physiol.neuroconstruct.processes.SimXSLMapping"> 
        <void property="simEnv"> 
         <string>GENESIS</string> 
        </void> 
        <void property="xslFile"> 
         <string>ChannelML_v1.2_GENESIStab.xsl</string> 
        </void> 
       </object> 
      </void> 
     </void> 
    </object> 
   </void> 
   <void method="add"> 
    <object class="ucl.physiol.neuroconstruct.processes.ChannelMLCellProcess"> 
     <void property="channelMLFile"> 
      <string>KChannel.xml</string> 
     </void> 
     <void property="description"> 
      <string>Simple HH K channel mapped to a mod file (NEURON) and a tabbed channel (GENESIS)</string> 
     </void> 
     <void property="instanceName"> 
      <string>KDR</string> 
     </void> 
     <void property="processModel"> 
      <string>Template based ChannelML file</string> 
     </void> 
     <void property="processType"> 
      <string>Channel mechanism</string> 
     </void> 
     <void property="simMappings"> 
      <void method="add"> 
       <object class="ucl.physiol.neuroconstruct.processes.SimXSLMapping"> 
        <void property="simEnv"> 
         <string>NEURON</string> 
        </void> 
        <void property="xslFile"> 
         <string>ChannelML_v1.2_NEURONmod.xsl</string> 
        </void> 
       </object> 
      </void> 
      <void method="add"> 
       <object class="ucl.physiol.neuroconstruct.processes.SimXSLMapping"> 
        <void property="simEnv"> 
         <string>GENESIS</string> 
        </void> 
        <void property="xslFile"> 
         <string>ChannelML_v1.2_GENESIStab.xsl</string> 
        </void> 
       </object> 
      </void> 
     </void> 
    </object> 
   </void> 
   <void method="add"> 
    <object class="ucl.physiol.neuroconstruct.processes.ChannelMLCellProcess"> 
     <void property="channelMLFile"> 
      <string>DoubExpSyn.xml</string> 
     </void> 
     <void property="description"> 
      <string>Simple Double Exponential Synapse mapped to a mod file (NEURON) or a synchan object (GENESIS)</string> 
     </void> 
     <void property="instanceName"> 
      <string>DoubExpSyn</string> 
     </void> 
     <void property="processModel"> 
      <string>Template based ChannelML file</string> 
     </void> 
     <void property="processType"> 
      <string>Synaptic mechanism</string> 
     </void> 
     <void property="simMappings"> 
      <void method="add"> 
       <object class="ucl.physiol.neuroconstruct.processes.SimXSLMapping"> 
        <void property="simEnv"> 
         <string>NEURON</string> 
        </void> 
        <void property="xslFile"> 
         <string>ChannelML_v1.2_NEURONmod.xsl</string> 
        </void> 
       </object> 
      </void> 
      <void method="add"> 
       <object class="ucl.physiol.neuroconstruct.processes.SimXSLMapping"> 
        <void property="simEnv"> 
         <string>GENESIS</string> 
        </void> 
        <void property="xslFile"> 
         <string>ChannelML_v1.2_GENESIStab.xsl</string> 
        </void> 
       </object> 
      </void> 
     </void> 
    </object> 
   </void> 
   <void method="add"> 
    <object class="ucl.physiol.neuroconstruct.processes.ChannelMLCellProcess"> 
     <void property="channelMLFile"> 
      <string>DoubExpSyn.xml</string> 
     </void> 
     <void property="description"> 
      <string>Simple Double Exponential Synapse mapped to a mod file (NEURON) or a synchan object (GENESIS)</string> 
     </void> 
     <void property="instanceName"> 
      <string>LTSInterToNTPyram</string> 
     </void> 
     <void property="processModel"> 
      <string>Template based ChannelML file</string> 
     </void> 
     <void property="processType"> 
      <string>Synaptic mechanism</string> 
     </void> 
     <void property="simMappings"> 
      <void method="add"> 
       <object class="ucl.physiol.neuroconstruct.processes.SimXSLMapping"> 
        <void property="simEnv"> 
         <string>NEURON</string> 
        </void> 
        <void property="xslFile"> 
         <string>ChannelML_v1.2_NEURONmod.xsl</string> 
        </void> 
       </object> 
      </void> 
      <void method="add"> 
       <object class="ucl.physiol.neuroconstruct.processes.SimXSLMapping"> 
        <void property="simEnv"> 
         <string>GENESIS</string> 
        </void> 
        <void property="xslFile"> 
         <string>ChannelML_v1.2_GENESIStab.xsl</string> 
        </void> 
       </object> 
      </void> 
     </void> 
    </object> 
   </void> 
   <void method="add"> 
    <object class="ucl.physiol.neuroconstruct.processes.ChannelMLCellProcess"> 
     <void property="channelMLFile"> 
      <string>DoubExpSyn.xml</string> 
     </void> 
     <void property="description"> 
      <string>Simple Double Exponential Synapse mapped to a mod file (NEURON) or a synchan object (GENESIS)</string> 
     </void> 
     <void property="instanceName"> 
      <string>FastSynInput</string> 
     </void> 
     <void property="processModel"> 
      <string>Template based ChannelML file</string> 
     </void> 
     <void property="processType"> 
      <string>Synaptic mechanism</string> 
     </void> 
     <void property="simMappings"> 
      <void method="add"> 
       <object class="ucl.physiol.neuroconstruct.processes.SimXSLMapping"> 
        <void property="simEnv"> 
         <string>NEURON</string> 
        </void> 
        <void property="xslFile"> 
         <string>ChannelML_v1.2_NEURONmod.xsl</string> 
        </void> 
       </object> 
      </void> 
      <void method="add"> 
       <object class="ucl.physiol.neuroconstruct.processes.SimXSLMapping"> 
        <void property="simEnv"> 
         <string>GENESIS</string> 
        </void> 
        <void property="xslFile"> 
         <string>ChannelML_v1.2_GENESIStab.xsl</string> 
        </void> 
       </object> 
      </void> 
     </void> 
    </object> 
   </void> 
  </void> 
 </object> 
 <object class="ucl.physiol.neuroconstruct.project.SimPlotInfo"> 
  <void property="allSimPlots"> 
   <void method="add"> 
    <object class="ucl.physiol.neuroconstruct.project.SimPlot"> 
     <void property="cellGroup"> 
      <string>SingleNTPyr</string> 
     </void> 
     <void property="cellNumber"> 
      <string>0</string> 
     </void> 
     <void property="graphWindow"> 
      <string>GraphWin_0</string> 
     </void> 
     <void property="maxValue"> 
      <float>50.0</float> 
     </void> 
     <void property="minValue"> 
      <float>-90.0</float> 
     </void> 
     <void property="plotReference"> 
      <string>Plot_0</string> 
     </void> 
     <void property="segmentId"> 
      <string>0</string> 
     </void> 
    </object> 
   </void> 
   <void method="add"> 
    <object class="ucl.physiol.neuroconstruct.project.SimPlot"> 
     <void property="cellGroup"> 
      <string>Layer6NonTuftPyram</string> 
     </void> 
     <void property="cellNumber"> 
      <string>*</string> 
     </void> 
     <void property="graphWindow"> 
      <string>GraphWin_1</string> 
     </void> 
     <void property="maxValue"> 
      <float>50.0</float> 
     </void> 
     <void property="minValue"> 
      <float>-90.0</float> 
     </void> 
     <void property="plotReference"> 
      <string>Plot_1</string> 
     </void> 
     <void property="segmentId"> 
      <string>0</string> 
     </void> 
    </object> 
   </void> 
  </void> 
 </object> 
 <object class="ucl.physiol.neuroconstruct.utils.Display3DProperties"> 
  <void property="backgroundColour3D"> 
   <object class="java.awt.Color"> 
    <int>144</int> 
    <int>166</int> 
    <int>232</int> 
    <int>255</int> 
   </object> 
  </void> 
  <void property="cellColour3D"> 
   <object class="java.awt.Color"> 
    <int>255</int> 
    <int>255</int> 
    <int>255</int> 
    <int>255</int> 
   </object> 
  </void> 
  <void property="resolution3DElements"> 
   <int>20</int> 
  </void> 
  <void property="showSynapseEndpoints"> 
   <boolean>false</boolean> 
  </void> 
 </object> 
 <object class="ucl.physiol.neuroconstruct.neuron.NeuronSettings"/> 
 <object class="ucl.physiol.neuroconstruct.genesis.GenesisSettings"/> 
 <object class="ucl.physiol.neuroconstruct.simulation.SimulationParameters"> 
  <void property="dt"> 
   <float>0.02</float> 
  </void> 
  <void property="duration"> 
   <float>100.0</float> 
  </void> 
  <void property="reference"> 
   <string>Sim_7</string> 
  </void> 
  <void property="saveCopyGenSimFiles"> 
   <boolean>true</boolean> 
  </void> 
  <void property="whatToRecord"> 
   <int>2</int> 
  </void> 
 </object> 
 <object class="ucl.physiol.neuroconstruct.project.ElecInputInfo"> 
  <void property="allStims"> 
   <void method="add"> 
    <object class="ucl.physiol.neuroconstruct.simulation.IClampSettings"> 
     <void property="amplitude"> 
      <float>1.0</float> 
     </void> 
     <void property="cellGroup"> 
      <string>SingleNTPyr</string> 
     </void> 
     <void property="delay"> 
      <float>20.0</float> 
     </void> 
     <void property="duration"> 
      <float>60.0</float> 
     </void> 
     <void property="reference"> 
      <string>Input_0</string> 
     </void> 
    </object> 
   </void> 
   <void method="add"> 
    <object class="ucl.physiol.neuroconstruct.simulation.RandomSpikeTrainSettings"> 
     <void property="cellGroup"> 
      <string>Layer6NonTuftPyram</string> 
     </void> 
     <void property="noise"> 
      <float>10.0</float> 
     </void> 
     <void property="rate"> 
      <object class="ucl.physiol.neuroconstruct.utils.NumberGenerator"> 
       <void property="fixedNum"> 
        <float>0.05</float> 
       </void> 
       <void property="numberType"> 
        <int>11</int> 
       </void> 
      </object> 
     </void> 
     <void property="reference"> 
      <string>Input_1</string> 
     </void> 
     <void property="synapseType"> 
      <string>FastSynInput</string> 
     </void> 
    </object> 
   </void> 
  </void> 
 </object> 
 <object class="ucl.physiol.neuroconstruct.project.SimConfigInfo"> 
  <void property="allSimConfigs"> 
   <void method="add"> 
    <object class="ucl.physiol.neuroconstruct.project.SimConfig"> 
     <void property="cellGroups"> 
      <void method="add"> 
       <string>SuperfLTSInterneurons</string> 
      </void> 
      <void method="add"> 
       <string>Layer6NonTuftPyram</string> 
      </void> 
      <void method="add"> 
       <string>DeepLTSInterneurons</string> 
      </void> 
     </void> 
     <void property="description"> 
      <string>This is the default configuration of the Cell Groups, stimulations, plots, etc for this project</string> 
     </void> 
     <void property="inputs"> 
      <void method="add"> 
       <string>Input_1</string> 
      </void> 
     </void> 
     <void property="name"> 
      <string>Default Simulation Configuration</string> 
     </void> 
     <void property="netConns"> 
      <void method="add"> 
       <string>LTSInterToL6NonTuftedPyr</string> 
      </void> 
      <void method="add"> 
       <string>SuperfLTSToNTPyram</string> 
      </void> 
     </void> 
     <void property="plots"> 
      <void method="add"> 
       <string>Plot_1</string> 
      </void> 
     </void> 
     <void property="simDuration"> 
      <float>100.0</float> 
     </void> 
    </object> 
   </void> 
   <void method="add"> 
    <object class="ucl.physiol.neuroconstruct.project.SimConfig"> 
     <void property="cellGroups"> 
      <void method="add"> 
       <string>SingleNTPyr</string> 
      </void> 
     </void> 
     <void property="description"> 
      <string>Just a single Non tufted Pyramidal Cell</string> 
     </void> 
     <void property="inputs"> 
      <void method="add"> 
       <string>Input_0</string> 
      </void> 
     </void> 
     <void property="name"> 
      <string>OneNTPyramidalCell</string> 
     </void> 
     <void property="plots"> 
      <void method="add"> 
       <string>Plot_0</string> 
      </void> 
     </void> 
     <void property="simDuration"> 
      <float>100.0</float> 
     </void> 
    </object> 
   </void> 
  </void> 
 </object> 
 <object class="ucl.physiol.neuroconstruct.project.SimpleNetworkConnectionsInfo"> 
  <void property="internalData"> 
   <void method="get"> 
    <string>Name</string> 
    <void method="add"> 
     <string>LTSInterToL6NonTuftedPyr</string> 
    </void> 
    <void method="add"> 
     <string>SuperfLTSToNTPyram</string> 
    </void> 
   </void> 
   <void method="get"> 
    <string>Synapse Type</string> 
    <void method="add"> 
     <object class="ucl.physiol.neuroconstruct.project.SynapticProperties"> 
      <void property="delayGenerator"> 
       <object class="ucl.physiol.neuroconstruct.utils.NumberGenerator"> 
        <void property="fixedNum"> 
         <float>0.0</float> 
        </void> 
        <void property="numberType"> 
         <int>11</int> 
        </void> 
       </object> 
      </void> 
      <void property="synapseType"> 
       <string>LTSInterToNTPyram</string> 
      </void> 
      <void property="threshold"> 
       <double>-20.0</double> 
      </void> 
      <void property="weightsGenerator"> 
       <object class="ucl.physiol.neuroconstruct.utils.NumberGenerator"> 
        <void property="numberType"> 
         <int>11</int> 
        </void> 
       </object> 
      </void> 
     </object> 
    </void> 
    <void method="add"> 
     <object class="ucl.physiol.neuroconstruct.project.SynapticProperties"> 
      <void property="delayGenerator"> 
       <object class="ucl.physiol.neuroconstruct.utils.NumberGenerator"> 
        <void property="fixedNum"> 
         <float>0.0</float> 
        </void> 
        <void property="numberType"> 
         <int>11</int> 
        </void> 
       </object> 
      </void> 
      <void property="synapseType"> 
       <string>LTSInterToNTPyram</string> 
      </void> 
      <void property="threshold"> 
       <double>-20.0</double> 
      </void> 
      <void property="weightsGenerator"> 
       <object class="ucl.physiol.neuroconstruct.utils.NumberGenerator"> 
        <void property="numberType"> 
         <int>11</int> 
        </void> 
       </object> 
      </void> 
     </object> 
    </void> 
   </void> 
   <void method="get"> 
    <string>Max/min</string> 
    <void method="add"> 
     <object class="ucl.physiol.neuroconstruct.project.MaxMinLength"/> 
    </void> 
    <void method="add"> 
     <object class="ucl.physiol.neuroconstruct.project.MaxMinLength"/> 
    </void> 
   </void> 
   <void method="get"> 
    <string>Search Pattern</string> 
    <void method="add"> 
     <object class="ucl.physiol.neuroconstruct.project.SearchPattern"> 
      <void property="type"> 
       <int>2</int> 
      </void> 
     </object> 
    </void> 
    <void method="add"> 
     <object class="ucl.physiol.neuroconstruct.project.SearchPattern"> 
      <void property="type"> 
       <int>2</int> 
      </void> 
     </object> 
    </void> 
   </void> 
   <void method="get"> 
    <string>Source</string> 
    <void method="add"> 
     <string>DeepLTSInterneurons</string> 
    </void> 
    <void method="add"> 
     <string>SuperfLTSInterneurons</string> 
    </void> 
   </void> 
   <void method="get"> 
    <string>Connectivity Conditions</string> 
    <void method="add"> 
     <object class="ucl.physiol.neuroconstruct.project.ConnectivityConditions"> 
      <void property="numConnsInitiatingCellGroup"> 
       <void property="fixedNum"> 
        <float>3.0</float> 
       </void> 
      </void> 
      <void property="onlyConnectToUniqueCells"> 
       <boolean>true</boolean> 
      </void> 
     </object> 
    </void> 
    <void method="add"> 
     <object class="ucl.physiol.neuroconstruct.project.ConnectivityConditions"> 
      <void property="numConnsInitiatingCellGroup"> 
       <void property="fixedNum"> 
        <float>3.0</float> 
       </void> 
      </void> 
      <void property="onlyConnectToUniqueCells"> 
       <boolean>true</boolean> 
      </void> 
     </object> 
    </void> 
   </void> 
   <void method="get"> 
    <string>Target</string> 
    <void method="add"> 
     <string>Layer6NonTuftPyram</string> 
    </void> 
    <void method="add"> 
     <string>Layer6NonTuftPyram</string> 
    </void> 
   </void> 
   <void method="get"> 
    <string>Grow mode</string> 
    <void method="add"> 
     <object class="ucl.physiol.neuroconstruct.project.GrowMode"/> 
    </void> 
    <void method="add"> 
     <object class="ucl.physiol.neuroconstruct.project.GrowMode"/> 
    </void> 
   </void> 
  </void> 
 </object> 
 <object class="ucl.physiol.neuroconstruct.project.ComplexConnectionsInfo"/> 
</java> 
