<?xml version="1.0" encoding="UTF-8"?> 
<java version="1.5.0_01" class="java.beans.XMLDecoder"> 

<!-- This is a neuroConstruct project file. It's best to open this
file with neuroConstruct, as opposed to editing it directly. -->

 <object class="ucl.physiol.neuroconstruct.project.BasicProjectInfo"> 
  <void property="projectDescription"> 
   <string>An implementation in neuroConstruct of the Traub 1991 model of the CA3 Hippocampal Pyramidal Neuron (as is included in the standard GENESIS release)

The channels are copied form the original files into File Based Cell Processes, distributed on the CA3 neuron as in the paper and a basic simulation can be run in GENESIS. Since the Cell Processes are only available in GENESIS the simulation won&apos;t run in NEURON.</string> 
  </void> 
  <void property="projectFileVersion"> 
   <string>neuroConstruct v0.8.3</string> 
  </void> 
  <void property="projectName"> 
   <string>TraubGENESIS</string> 
  </void> 
 </object> 
 <object class="ucl.physiol.neuroconstruct.project.RegionsInfo"> 
  <void property="internalData"> 
   <void method="get"> 
    <string>Name</string> 
    <void method="add"> 
     <string>Regions_1</string> 
    </void> 
   </void> 
   <void method="get"> 
    <string>Description</string> 
    <void method="add"> 
     <object class="ucl.physiol.neuroconstruct.project.RectangularBox"> 
      <void property="parameterList"> 
       <void index="3"> 
        <void property="value"> 
         <float>120.0</float> 
        </void> 
       </void> 
       <void index="4"> 
        <void property="value"> 
         <float>50.0</float> 
        </void> 
       </void> 
       <void index="5"> 
        <void property="value"> 
         <float>120.0</float> 
        </void> 
       </void> 
      </void> 
     </object> 
    </void> 
   </void> 
  </void> 
 </object> 
 <object class="ucl.physiol.neuroconstruct.project.CellGroupsInfo"> 
  <void property="internalData"> 
   <void method="get"> 
    <string>Cell Packing Adapter</string> 
    <void method="add"> 
     <object class="ucl.physiol.neuroconstruct.project.packing.SinglePositionedCellPackingAdapter"/> 
    </void> 
   </void> 
   <void method="get"> 
    <string>Enabled</string> 
    <void method="add"> 
     <boolean>true</boolean> 
    </void> 
   </void> 
   <void method="get"> 
    <string>Cell Type</string> 
    <void method="add"> 
     <string>CA3</string> 
    </void> 
   </void> 
   <void method="get"> 
    <string>Colour</string> 
    <void method="add"> 
     <object class="java.awt.Color"> 
      <int>76</int> 
      <int>163</int> 
      <int>139</int> 
      <int>255</int> 
     </object> 
    </void> 
   </void> 
   <void method="get"> 
    <string>Region Name</string> 
    <void method="add"> 
     <string>Regions_1</string> 
    </void> 
   </void> 
   <void method="get"> 
    <string>Cell Group Name</string> 
    <void method="add"> 
     <string>cg</string> 
    </void> 
   </void> 
  </void> 
 </object> 
 <object class="ucl.physiol.neuroconstruct.processes.CellProcessInfo"> 
  <void property="allCellProcesses"> 
   <void method="add"> 
    <object class="ucl.physiol.neuroconstruct.processes.FileBasedMembraneProcess"> 
     <void property="instanceName"> 
      <string>Ca</string> 
     </void> 
     <void property="physicalParameterList"> 
      <array class="ucl.physiol.neuroconstruct.project.InternalPhysicalParameter" length="1"> 
       <void index="0"> 
        <object class="ucl.physiol.neuroconstruct.project.InternalPhysicalParameter"> 
         <void property="defaultValue"> 
          <float>0.0010</float> 
         </void> 
         <void property="parameterDescription"> 
          <string>Maximum conductance for the channel mechanism per unit area</string> 
         </void> 
         <void property="parameterName"> 
          <string>Max Conductance Density</string> 
         </void> 
         <void property="units"> 
          <object id="Units0" class="ucl.physiol.neuroconstruct.utils.units.Units"> 
           <void property="name"> 
            <string>neuroConstruct_conductanceDensity</string> 
           </void> 
          </object> 
         </void> 
         <void property="value"> 
          <float>0.0030</float> 
         </void> 
        </object> 
       </void> 
      </array> 
     </void> 
     <void property="processImpls"> 
      <array class="ucl.physiol.neuroconstruct.processes.ProcessImplementation" length="1"> 
       <void index="0"> 
        <object class="ucl.physiol.neuroconstruct.processes.ProcessImplementation"> 
         <void property="implementingFile"> 
          <string>CaChan.g</string> 
         </void> 
         <void property="simulationEnvironment"> 
          <string>GENESIS</string> 
         </void> 
        </object> 
       </void> 
      </array> 
     </void> 
     <void property="processType"> 
      <string>Channel mechanism</string> 
     </void> 
    </object> 
   </void> 
   <void method="add"> 
    <object class="ucl.physiol.neuroconstruct.processes.FileBasedMembraneProcess"> 
     <void property="instanceName"> 
      <string>Ca_conc</string> 
     </void> 
     <void property="physicalParameterList"> 
      <array class="ucl.physiol.neuroconstruct.project.InternalPhysicalParameter" length="1"> 
       <void index="0"> 
        <object class="ucl.physiol.neuroconstruct.project.InternalPhysicalParameter"> 
         <void property="defaultValue"> 
          <float>0.0010</float> 
         </void> 
         <void property="parameterDescription"> 
          <string>Maximum conductance for the channel mechanism per unit area</string> 
         </void> 
         <void property="parameterName"> 
          <string>Max Conductance Density</string> 
         </void> 
         <void property="units"> 
          <object idref="Units0"/> 
         </void> 
         <void property="value"> 
          <float>-1.74019995E14</float> 
         </void> 
        </object> 
       </void> 
      </array> 
     </void> 
     <void property="processImpls"> 
      <array class="ucl.physiol.neuroconstruct.processes.ProcessImplementation" length="1"> 
       <void index="0"> 
        <object class="ucl.physiol.neuroconstruct.processes.ProcessImplementation"> 
         <void property="implementingFile"> 
          <string>Ca_concChan.g</string> 
         </void> 
         <void property="simulationEnvironment"> 
          <string>GENESIS</string> 
         </void> 
        </object> 
       </void> 
      </array> 
     </void> 
     <void property="processType"> 
      <string>Channel mechanism</string> 
     </void> 
    </object> 
   </void> 
   <void method="add"> 
    <object class="ucl.physiol.neuroconstruct.processes.FileBasedMembraneProcess"> 
     <void property="instanceName"> 
      <string>K_A</string> 
     </void> 
     <void property="physicalParameterList"> 
      <array class="ucl.physiol.neuroconstruct.project.InternalPhysicalParameter" length="1"> 
       <void index="0"> 
        <object class="ucl.physiol.neuroconstruct.project.InternalPhysicalParameter"> 
         <void property="defaultValue"> 
          <float>0.0010</float> 
         </void> 
         <void property="parameterDescription"> 
          <string>Maximum conductance for the channel mechanism per unit area</string> 
         </void> 
         <void property="parameterName"> 
          <string>Max Conductance Density</string> 
         </void> 
         <void property="units"> 
          <object idref="Units0"/> 
         </void> 
         <void property="value"> 
          <float>0.0010</float> 
         </void> 
        </object> 
       </void> 
      </array> 
     </void> 
     <void property="processImpls"> 
      <array class="ucl.physiol.neuroconstruct.processes.ProcessImplementation" length="1"> 
       <void index="0"> 
        <object class="ucl.physiol.neuroconstruct.processes.ProcessImplementation"> 
         <void property="implementingFile"> 
          <string>K_AChan.g</string> 
         </void> 
         <void property="simulationEnvironment"> 
          <string>GENESIS</string> 
         </void> 
        </object> 
       </void> 
      </array> 
     </void> 
     <void property="processType"> 
      <string>Channel mechanism</string> 
     </void> 
    </object> 
   </void> 
   <void method="add"> 
    <object class="ucl.physiol.neuroconstruct.processes.FileBasedMembraneProcess"> 
     <void property="instanceName"> 
      <string>K_AHP</string> 
     </void> 
     <void property="physicalParameterList"> 
      <array class="ucl.physiol.neuroconstruct.project.InternalPhysicalParameter" length="1"> 
       <void index="0"> 
        <object class="ucl.physiol.neuroconstruct.project.InternalPhysicalParameter"> 
         <void property="defaultValue"> 
          <float>0.0010</float> 
         </void> 
         <void property="parameterDescription"> 
          <string>Maximum conductance for the channel mechanism per unit area</string> 
         </void> 
         <void property="parameterName"> 
          <string>Max Conductance Density</string> 
         </void> 
         <void property="units"> 
          <object idref="Units0"/> 
         </void> 
         <void property="value"> 
          <float>0.0010</float> 
         </void> 
        </object> 
       </void> 
      </array> 
     </void> 
     <void property="processImpls"> 
      <array class="ucl.physiol.neuroconstruct.processes.ProcessImplementation" length="1"> 
       <void index="0"> 
        <object class="ucl.physiol.neuroconstruct.processes.ProcessImplementation"> 
         <void property="implementingFile"> 
          <string>K_AHPChan.g</string> 
         </void> 
         <void property="simulationEnvironment"> 
          <string>GENESIS</string> 
         </void> 
        </object> 
       </void> 
      </array> 
     </void> 
     <void property="processType"> 
      <string>Channel mechanism</string> 
     </void> 
    </object> 
   </void> 
   <void method="add"> 
    <object class="ucl.physiol.neuroconstruct.processes.FileBasedMembraneProcess"> 
     <void property="instanceName"> 
      <string>K_C</string> 
     </void> 
     <void property="physicalParameterList"> 
      <array class="ucl.physiol.neuroconstruct.project.InternalPhysicalParameter" length="1"> 
       <void index="0"> 
        <object class="ucl.physiol.neuroconstruct.project.InternalPhysicalParameter"> 
         <void property="defaultValue"> 
          <float>0.0010</float> 
         </void> 
         <void property="parameterDescription"> 
          <string>Maximum conductance for the channel mechanism per unit area</string> 
         </void> 
         <void property="parameterName"> 
          <string>Max Conductance Density</string> 
         </void> 
         <void property="units"> 
          <object idref="Units0"/> 
         </void> 
         <void property="value"> 
          <float>0.0010</float> 
         </void> 
        </object> 
       </void> 
      </array> 
     </void> 
     <void property="processImpls"> 
      <array class="ucl.physiol.neuroconstruct.processes.ProcessImplementation" length="1"> 
       <void index="0"> 
        <object class="ucl.physiol.neuroconstruct.processes.ProcessImplementation"> 
         <void property="implementingFile"> 
          <string>K_CChan.g</string> 
         </void> 
         <void property="simulationEnvironment"> 
          <string>GENESIS</string> 
         </void> 
        </object> 
       </void> 
      </array> 
     </void> 
     <void property="processType"> 
      <string>Channel mechanism</string> 
     </void> 
    </object> 
   </void> 
   <void method="add"> 
    <object class="ucl.physiol.neuroconstruct.processes.FileBasedMembraneProcess"> 
     <void property="instanceName"> 
      <string>K_DR</string> 
     </void> 
     <void property="physicalParameterList"> 
      <array class="ucl.physiol.neuroconstruct.project.InternalPhysicalParameter" length="1"> 
       <void index="0"> 
        <object class="ucl.physiol.neuroconstruct.project.InternalPhysicalParameter"> 
         <void property="defaultValue"> 
          <float>0.0010</float> 
         </void> 
         <void property="parameterDescription"> 
          <string>Maximum conductance for the channel mechanism per unit area</string> 
         </void> 
         <void property="parameterName"> 
          <string>Max Conductance Density</string> 
         </void> 
         <void property="units"> 
          <object idref="Units0"/> 
         </void> 
         <void property="value"> 
          <float>0.015</float> 
         </void> 
        </object> 
       </void> 
      </array> 
     </void> 
     <void property="processImpls"> 
      <array class="ucl.physiol.neuroconstruct.processes.ProcessImplementation" length="1"> 
       <void index="0"> 
        <object class="ucl.physiol.neuroconstruct.processes.ProcessImplementation"> 
         <void property="implementingFile"> 
          <string>K_DRChan.g</string> 
         </void> 
         <void property="simulationEnvironment"> 
          <string>GENESIS</string> 
         </void> 
        </object> 
       </void> 
      </array> 
     </void> 
     <void property="processType"> 
      <string>Channel mechanism</string> 
     </void> 
    </object> 
   </void> 
   <void method="add"> 
    <object class="ucl.physiol.neuroconstruct.processes.FileBasedMembraneProcess"> 
     <void property="instanceName"> 
      <string>Na</string> 
     </void> 
     <void property="physicalParameterList"> 
      <array class="ucl.physiol.neuroconstruct.project.InternalPhysicalParameter" length="1"> 
       <void index="0"> 
        <object class="ucl.physiol.neuroconstruct.project.InternalPhysicalParameter"> 
         <void property="defaultValue"> 
          <float>0.0010</float> 
         </void> 
         <void property="parameterDescription"> 
          <string>Maximum conductance for the channel mechanism per unit area</string> 
         </void> 
         <void property="parameterName"> 
          <string>Max Conductance Density</string> 
         </void> 
         <void property="units"> 
          <object idref="Units0"/> 
         </void> 
         <void property="value"> 
          <float>0.03</float> 
         </void> 
        </object> 
       </void> 
      </array> 
     </void> 
     <void property="processImpls"> 
      <array class="ucl.physiol.neuroconstruct.processes.ProcessImplementation" length="1"> 
       <void index="0"> 
        <object class="ucl.physiol.neuroconstruct.processes.ProcessImplementation"> 
         <void property="implementingFile"> 
          <string>NaChan.g</string> 
         </void> 
         <void property="simulationEnvironment"> 
          <string>GENESIS</string> 
         </void> 
        </object> 
       </void> 
      </array> 
     </void> 
     <void property="processType"> 
      <string>Channel mechanism</string> 
     </void> 
    </object> 
   </void> 
   <void method="add"> 
    <object class="ucl.physiol.neuroconstruct.processes.Exp2SynProcess"> 
     <void property="instanceName"> 
      <string>SynForRndSpike</string> 
     </void> 
     <void property="processImpls"> 
      <void index="0"> 
       <void property="implementingFile"> 
        <string>DoubleExpSyn.mod</string> 
       </void> 
      </void> 
      <void index="1"> 
       <void property="implementingFile"> 
        <string>DoubleExpSyn.g</string> 
       </void> 
      </void> 
     </void> 
    </object> 
   </void> 
  </void> 
 </object> 
 <object class="ucl.physiol.neuroconstruct.project.SimPlotInfo"> 
  <void property="allSimPlots"> 
   <void method="add"> 
    <object class="ucl.physiol.neuroconstruct.project.SimPlot"> 
     <void property="cellGroup"> 
      <string>cg</string> 
     </void> 
     <void property="cellNumber"> 
      <string>0</string> 
     </void> 
     <void property="graphWindow"> 
      <string>GraphWin_0</string> 
     </void> 
     <void property="maxValue"> 
      <float>50.0</float> 
     </void> 
     <void property="minValue"> 
      <float>-90.0</float> 
     </void> 
     <void property="plotReference"> 
      <string>Plot_0</string> 
     </void> 
     <void property="segmentId"> 
      <string>*</string> 
     </void> 
    </object> 
   </void> 
  </void> 
 </object> 
 <object class="ucl.physiol.neuroconstruct.utils.Display3DProperties"> 
  <void property="backgroundColour3D"> 
   <object class="java.awt.Color"> 
    <int>144</int> 
    <int>166</int> 
    <int>232</int> 
    <int>255</int> 
   </object> 
  </void> 
  <void property="cellColour3D"> 
   <object class="java.awt.Color"> 
    <int>255</int> 
    <int>255</int> 
    <int>255</int> 
    <int>255</int> 
   </object> 
  </void> 
  <void property="show3DAxes"> 
   <boolean>true</boolean> 
  </void> 
 </object> 
 <object class="ucl.physiol.neuroconstruct.neuron.NeuronSettings"> 
  <void property="textAfterCellCreation"> 
   <string></string> 
  </void> 
  <void property="textBeforeCellCreation"> 
   <string></string> 
  </void> 
 </object> 
 <object class="ucl.physiol.neuroconstruct.genesis.GenesisSettings"> 
  <void property="generateComments"> 
   <boolean>false</boolean> 
  </void> 
  <void property="showShapePlot"> 
   <boolean>true</boolean> 
  </void> 
  <void property="symmetricCompartments"> 
   <boolean>true</boolean> 
  </void> 
  <void property="textAfterCellCreation"> 
   <string></string> 
  </void> 
  <void property="textBeforeCellCreation"> 
   <string></string> 
  </void> 
 </object> 
 <object class="ucl.physiol.neuroconstruct.simulation.SimulationParameters"> 
  <void property="dt"> 
   <float>0.01</float> 
  </void> 
  <void property="duration"> 
   <float>100.0</float> 
  </void> 
  <void property="globalCm"> 
   <float>3.0</float> 
  </void> 
  <void property="globalRa"> 
   <float>100.0</float> 
  </void> 
  <void property="globalRm"> 
   <float>1.0E9</float> 
  </void> 
  <void property="globalVLeak"> 
   <float>-60.0</float> 
  </void> 
  <void property="initVm"> 
   <float>-60.0</float> 
  </void> 
  <void property="reference"> 
   <string>Sim_152</string> 
  </void> 
  <void property="saveCopyGenSimFiles"> 
   <boolean>true</boolean> 
  </void> 
  <void property="whatToRecord"> 
   <int>2</int> 
  </void> 
 </object> 
 <object class="ucl.physiol.neuroconstruct.project.ElecInputInfo"> 
  <void property="allStims"> 
   <void method="add"> 
    <object class="ucl.physiol.neuroconstruct.simulation.IClampSettings"> 
     <void property="amplitude"> 
      <float>0.2</float> 
     </void> 
     <void property="cellGroup"> 
      <string>cg</string> 
     </void> 
     <void property="duration"> 
      <float>100.0</float> 
     </void> 
     <void property="reference"> 
      <string>Input_0</string> 
     </void> 
     <void property="segmentID"> 
      <int>10</int> 
     </void> 
    </object> 
   </void> 
  </void> 
 </object> 
 <object class="ucl.physiol.neuroconstruct.project.SimConfigInfo"> 
  <void property="allSimConfigs"> 
   <void method="add"> 
    <object class="ucl.physiol.neuroconstruct.project.SimConfig"> 
     <void property="cellGroups"> 
      <void method="add"> 
       <string>cg</string> 
      </void> 
     </void> 
     <void property="description"> 
      <string>This is the default configuration of the Cell Groups, stimulations, plots, etc for this project</string> 
     </void> 
     <void property="inputs"> 
      <void method="add"> 
       <string>Input_0</string> 
      </void> 
     </void> 
     <void property="name"> 
      <string>Default Simulation Configuration</string> 
     </void> 
     <void property="plots"> 
      <void method="add"> 
       <string>Plot_0</string> 
      </void> 
     </void> 
    </object> 
   </void> 
  </void> 
 </object> 
 <object class="ucl.physiol.neuroconstruct.project.SimpleNetworkConnectionsInfo"/> 
 <object class="ucl.physiol.neuroconstruct.project.ComplexConnectionsInfo"/> 
</java> 
