<?xml version="1.0" encoding="UTF-8"?> 
<java version="1.5.0_06" class="java.beans.XMLDecoder"> 
 <object class="ucl.physiol.neuroconstruct.cell.examples.SimpleCell"> 
  <void property="allSegments"> 
   <void method="add"> 
    <object id="Segment0" class="ucl.physiol.neuroconstruct.cell.Segment"> 
     <void property="endPointPositionX"> 
      <float>0.0</float> 
     </void> 
     <void property="endPointPositionY"> 
      <float>0.0</float> 
     </void> 
     <void property="endPointPositionZ"> 
      <float>0.0</float> 
     </void> 
     <void property="finiteVolume"> 
      <boolean>true</boolean> 
     </void> 
     <void property="radius"> 
      <float>10.0</float> 
     </void> 
     <void property="section"> 
      <object class="ucl.physiol.neuroconstruct.cell.Section"> 
       <void property="groups"> 
        <void method="add"> 
         <string>soma_group</string> 
        </void> 
       </void> 
       <void property="sectionName"> 
        <string>Soma</string> 
       </void> 
       <void property="startPointPositionX"> 
        <float>0.0</float> 
       </void> 
       <void property="startPointPositionY"> 
        <float>0.0</float> 
       </void> 
       <void property="startPointPositionZ"> 
        <float>0.0</float> 
       </void> 
       <void property="startRadius"> 
        <float>10.0</float> 
       </void> 
      </object> 
     </void> 
     <void property="segmentId"> 
      <int>0</int> 
     </void> 
     <void property="segmentName"> 
      <string>Soma</string> 
     </void> 
    </object> 
   </void> 
   <void method="add"> 
    <object id="Segment1" class="ucl.physiol.neuroconstruct.cell.Segment"> 
     <void property="endPointPositionX"> 
      <float>0.0</float> 
     </void> 
     <void property="endPointPositionY"> 
      <float>0.0</float> 
     </void> 
     <void property="endPointPositionZ"> 
      <float>30.0</float> 
     </void> 
     <void property="fractionAlongParent"> 
      <float>0.5</float> 
     </void> 
     <void property="parentSegment"> 
      <object idref="Segment0"/> 
     </void> 
     <void property="radius"> 
      <float>3.0</float> 
     </void> 
     <void property="section"> 
      <object class="ucl.physiol.neuroconstruct.cell.Section"> 
       <void property="groups"> 
        <void method="add"> 
         <string>dendrite_group</string> 
        </void> 
       </void> 
       <void property="sectionName"> 
        <string>Section_1</string> 
       </void> 
       <void property="startPointPositionX"> 
        <float>0.0</float> 
       </void> 
       <void property="startPointPositionY"> 
        <float>0.0</float> 
       </void> 
       <void property="startPointPositionZ"> 
        <float>0.0</float> 
       </void> 
       <void property="startRadius"> 
        <float>3.0</float> 
       </void> 
      </object> 
     </void> 
     <void property="segmentId"> 
      <int>1</int> 
     </void> 
     <void property="segmentName"> 
      <string>Segment_1</string> 
     </void> 
    </object> 
   </void> 
   <void method="add"> 
    <object id="Segment2" class="ucl.physiol.neuroconstruct.cell.Segment"> 
     <void property="endPointPositionX"> 
      <float>0.0</float> 
     </void> 
     <void property="endPointPositionY"> 
      <float>0.0</float> 
     </void> 
     <void property="endPointPositionZ"> 
      <float>60.0</float> 
     </void> 
     <void property="parentSegment"> 
      <object idref="Segment1"/> 
     </void> 
     <void property="radius"> 
      <float>3.0</float> 
     </void> 
     <void property="section"> 
      <object class="ucl.physiol.neuroconstruct.cell.Section"> 
       <void property="groups"> 
        <void method="add"> 
         <string>dendrite_group</string> 
        </void> 
       </void> 
       <void property="sectionName"> 
        <string>Section_2</string> 
       </void> 
       <void property="startPointPositionX"> 
        <float>0.0</float> 
       </void> 
       <void property="startPointPositionY"> 
        <float>0.0</float> 
       </void> 
       <void property="startPointPositionZ"> 
        <float>30.0</float> 
       </void> 
       <void property="startRadius"> 
        <float>3.0</float> 
       </void> 
      </object> 
     </void> 
     <void property="segmentId"> 
      <int>2</int> 
     </void> 
     <void property="segmentName"> 
      <string>Segment_2</string> 
     </void> 
    </object> 
   </void> 
   <void method="add"> 
    <object class="ucl.physiol.neuroconstruct.cell.Segment"> 
     <void property="endPointPositionX"> 
      <float>0.0</float> 
     </void> 
     <void property="endPointPositionY"> 
      <float>0.0</float> 
     </void> 
     <void property="endPointPositionZ"> 
      <float>90.0</float> 
     </void> 
     <void property="parentSegment"> 
      <object idref="Segment2"/> 
     </void> 
     <void property="radius"> 
      <float>3.0</float> 
     </void> 
     <void property="section"> 
      <object class="ucl.physiol.neuroconstruct.cell.Section"> 
       <void property="groups"> 
        <void method="add"> 
         <string>dendrite_group</string> 
        </void> 
       </void> 
       <void property="sectionName"> 
        <string>Section_3</string> 
       </void> 
       <void property="startPointPositionX"> 
        <float>0.0</float> 
       </void> 
       <void property="startPointPositionY"> 
        <float>0.0</float> 
       </void> 
       <void property="startPointPositionZ"> 
        <float>60.0</float> 
       </void> 
       <void property="startRadius"> 
        <float>3.0</float> 
       </void> 
      </object> 
     </void> 
     <void property="segmentId"> 
      <int>3</int> 
     </void> 
     <void property="segmentName"> 
      <string>Segment_3</string> 
     </void> 
    </object> 
   </void> 
   <void method="add"> 
    <object id="Segment3" class="ucl.physiol.neuroconstruct.cell.Segment"> 
     <void property="endPointPositionX"> 
      <float>0.0</float> 
     </void> 
     <void property="endPointPositionY"> 
      <float>0.0</float> 
     </void> 
     <void property="endPointPositionZ"> 
      <float>-30.0</float> 
     </void> 
     <void property="fractionAlongParent"> 
      <float>0.5</float> 
     </void> 
     <void property="parentSegment"> 
      <object idref="Segment0"/> 
     </void> 
     <void property="radius"> 
      <float>3.0</float> 
     </void> 
     <void property="section"> 
      <object class="ucl.physiol.neuroconstruct.cell.Section"> 
       <void property="groups"> 
        <void method="add"> 
         <string>dendrite_group</string> 
        </void> 
       </void> 
       <void property="sectionName"> 
        <string>Section_4</string> 
       </void> 
       <void property="startPointPositionX"> 
        <float>0.0</float> 
       </void> 
       <void property="startPointPositionY"> 
        <float>0.0</float> 
       </void> 
       <void property="startPointPositionZ"> 
        <float>0.0</float> 
       </void> 
       <void property="startRadius"> 
        <float>3.0</float> 
       </void> 
      </object> 
     </void> 
     <void property="segmentId"> 
      <int>4</int> 
     </void> 
     <void property="segmentName"> 
      <string>Segment_4</string> 
     </void> 
    </object> 
   </void> 
   <void method="add"> 
    <object id="Segment4" class="ucl.physiol.neuroconstruct.cell.Segment"> 
     <void property="endPointPositionX"> 
      <float>0.0</float> 
     </void> 
     <void property="endPointPositionY"> 
      <float>0.0</float> 
     </void> 
     <void property="endPointPositionZ"> 
      <float>-60.0</float> 
     </void> 
     <void property="parentSegment"> 
      <object idref="Segment3"/> 
     </void> 
     <void property="radius"> 
      <float>3.0</float> 
     </void> 
     <void property="section"> 
      <object class="ucl.physiol.neuroconstruct.cell.Section"> 
       <void property="groups"> 
        <void method="add"> 
         <string>dendrite_group</string> 
        </void> 
       </void> 
       <void property="sectionName"> 
        <string>Section_5</string> 
       </void> 
       <void property="startPointPositionX"> 
        <float>0.0</float> 
       </void> 
       <void property="startPointPositionY"> 
        <float>0.0</float> 
       </void> 
       <void property="startPointPositionZ"> 
        <float>-30.0</float> 
       </void> 
       <void property="startRadius"> 
        <float>3.0</float> 
       </void> 
      </object> 
     </void> 
     <void property="segmentId"> 
      <int>5</int> 
     </void> 
     <void property="segmentName"> 
      <string>Segment_5</string> 
     </void> 
    </object> 
   </void> 
   <void method="add"> 
    <object class="ucl.physiol.neuroconstruct.cell.Segment"> 
     <void property="endPointPositionX"> 
      <float>0.0</float> 
     </void> 
     <void property="endPointPositionY"> 
      <float>0.0</float> 
     </void> 
     <void property="endPointPositionZ"> 
      <float>-90.0</float> 
     </void> 
     <void property="parentSegment"> 
      <object idref="Segment4"/> 
     </void> 
     <void property="radius"> 
      <float>3.0</float> 
     </void> 
     <void property="section"> 
      <object class="ucl.physiol.neuroconstruct.cell.Section"> 
       <void property="groups"> 
        <void method="add"> 
         <string>dendrite_group</string> 
        </void> 
       </void> 
       <void property="sectionName"> 
        <string>Section_6</string> 
       </void> 
       <void property="startPointPositionX"> 
        <float>0.0</float> 
       </void> 
       <void property="startPointPositionY"> 
        <float>0.0</float> 
       </void> 
       <void property="startPointPositionZ"> 
        <float>-60.0</float> 
       </void> 
       <void property="startRadius"> 
        <float>3.0</float> 
       </void> 
      </object> 
     </void> 
     <void property="segmentId"> 
      <int>6</int> 
     </void> 
     <void property="segmentName"> 
      <string>Segment_6</string> 
     </void> 
    </object> 
   </void> 
   <void method="add"> 
    <object id="Segment5" class="ucl.physiol.neuroconstruct.cell.Segment"> 
     <void property="endPointPositionX"> 
      <float>30.0</float> 
     </void> 
     <void property="endPointPositionY"> 
      <float>0.0</float> 
     </void> 
     <void property="endPointPositionZ"> 
      <float>0.0</float> 
     </void> 
     <void property="fractionAlongParent"> 
      <float>0.5</float> 
     </void> 
     <void property="parentSegment"> 
      <object idref="Segment0"/> 
     </void> 
     <void property="radius"> 
      <float>3.0</float> 
     </void> 
     <void property="section"> 
      <object class="ucl.physiol.neuroconstruct.cell.Section"> 
       <void property="groups"> 
        <void method="add"> 
         <string>dendrite_group</string> 
        </void> 
       </void> 
       <void property="sectionName"> 
        <string>Section_7</string> 
       </void> 
       <void property="startPointPositionX"> 
        <float>0.0</float> 
       </void> 
       <void property="startPointPositionY"> 
        <float>0.0</float> 
       </void> 
       <void property="startPointPositionZ"> 
        <float>0.0</float> 
       </void> 
       <void property="startRadius"> 
        <float>3.0</float> 
       </void> 
      </object> 
     </void> 
     <void property="segmentId"> 
      <int>7</int> 
     </void> 
     <void property="segmentName"> 
      <string>Segment_7</string> 
     </void> 
    </object> 
   </void> 
   <void method="add"> 
    <object id="Segment6" class="ucl.physiol.neuroconstruct.cell.Segment"> 
     <void property="endPointPositionX"> 
      <float>60.0</float> 
     </void> 
     <void property="endPointPositionY"> 
      <float>0.0</float> 
     </void> 
     <void property="endPointPositionZ"> 
      <float>0.0</float> 
     </void> 
     <void property="parentSegment"> 
      <object idref="Segment5"/> 
     </void> 
     <void property="radius"> 
      <float>3.0</float> 
     </void> 
     <void property="section"> 
      <object class="ucl.physiol.neuroconstruct.cell.Section"> 
       <void property="groups"> 
        <void method="add"> 
         <string>dendrite_group</string> 
        </void> 
       </void> 
       <void property="sectionName"> 
        <string>Section_8</string> 
       </void> 
       <void property="startPointPositionX"> 
        <float>30.0</float> 
       </void> 
       <void property="startPointPositionY"> 
        <float>0.0</float> 
       </void> 
       <void property="startPointPositionZ"> 
        <float>0.0</float> 
       </void> 
       <void property="startRadius"> 
        <float>3.0</float> 
       </void> 
      </object> 
     </void> 
     <void property="segmentId"> 
      <int>8</int> 
     </void> 
     <void property="segmentName"> 
      <string>Segment_8</string> 
     </void> 
    </object> 
   </void> 
   <void method="add"> 
    <object class="ucl.physiol.neuroconstruct.cell.Segment"> 
     <void property="endPointPositionX"> 
      <float>90.0</float> 
     </void> 
     <void property="endPointPositionY"> 
      <float>0.0</float> 
     </void> 
     <void property="endPointPositionZ"> 
      <float>0.0</float> 
     </void> 
     <void property="parentSegment"> 
      <object idref="Segment6"/> 
     </void> 
     <void property="radius"> 
      <float>3.0</float> 
     </void> 
     <void property="section"> 
      <object class="ucl.physiol.neuroconstruct.cell.Section"> 
       <void property="groups"> 
        <void method="add"> 
         <string>dendrite_group</string> 
        </void> 
       </void> 
       <void property="sectionName"> 
        <string>Section_9</string> 
       </void> 
       <void property="startPointPositionX"> 
        <float>60.0</float> 
       </void> 
       <void property="startPointPositionY"> 
        <float>0.0</float> 
       </void> 
       <void property="startPointPositionZ"> 
        <float>0.0</float> 
       </void> 
       <void property="startRadius"> 
        <float>3.0</float> 
       </void> 
      </object> 
     </void> 
     <void property="segmentId"> 
      <int>9</int> 
     </void> 
     <void property="segmentName"> 
      <string>Segment_9</string> 
     </void> 
    </object> 
   </void> 
   <void method="add"> 
    <object id="Segment7" class="ucl.physiol.neuroconstruct.cell.Segment"> 
     <void property="endPointPositionX"> 
      <float>-30.0</float> 
     </void> 
     <void property="endPointPositionY"> 
      <float>0.0</float> 
     </void> 
     <void property="endPointPositionZ"> 
      <float>0.0</float> 
     </void> 
     <void property="fractionAlongParent"> 
      <float>0.5</float> 
     </void> 
     <void property="parentSegment"> 
      <object idref="Segment0"/> 
     </void> 
     <void property="radius"> 
      <float>3.0</float> 
     </void> 
     <void property="section"> 
      <object class="ucl.physiol.neuroconstruct.cell.Section"> 
       <void property="groups"> 
        <void method="add"> 
         <string>dendrite_group</string> 
        </void> 
       </void> 
       <void property="sectionName"> 
        <string>Section_10</string> 
       </void> 
       <void property="startPointPositionX"> 
        <float>0.0</float> 
       </void> 
       <void property="startPointPositionY"> 
        <float>0.0</float> 
       </void> 
       <void property="startPointPositionZ"> 
        <float>0.0</float> 
       </void> 
       <void property="startRadius"> 
        <float>3.0</float> 
       </void> 
      </object> 
     </void> 
     <void property="segmentId"> 
      <int>10</int> 
     </void> 
     <void property="segmentName"> 
      <string>Segment_10</string> 
     </void> 
    </object> 
   </void> 
   <void method="add"> 
    <object id="Segment8" class="ucl.physiol.neuroconstruct.cell.Segment"> 
     <void property="endPointPositionX"> 
      <float>-60.0</float> 
     </void> 
     <void property="endPointPositionY"> 
      <float>0.0</float> 
     </void> 
     <void property="endPointPositionZ"> 
      <float>0.0</float> 
     </void> 
     <void property="parentSegment"> 
      <object idref="Segment7"/> 
     </void> 
     <void property="radius"> 
      <float>3.0</float> 
     </void> 
     <void property="section"> 
      <object class="ucl.physiol.neuroconstruct.cell.Section"> 
       <void property="groups"> 
        <void method="add"> 
         <string>dendrite_group</string> 
        </void> 
       </void> 
       <void property="sectionName"> 
        <string>Section_11</string> 
       </void> 
       <void property="startPointPositionX"> 
        <float>-30.0</float> 
       </void> 
       <void property="startPointPositionY"> 
        <float>0.0</float> 
       </void> 
       <void property="startPointPositionZ"> 
        <float>0.0</float> 
       </void> 
       <void property="startRadius"> 
        <float>3.0</float> 
       </void> 
      </object> 
     </void> 
     <void property="segmentId"> 
      <int>11</int> 
     </void> 
     <void property="segmentName"> 
      <string>Segment_11</string> 
     </void> 
    </object> 
   </void> 
   <void method="add"> 
    <object class="ucl.physiol.neuroconstruct.cell.Segment"> 
     <void property="endPointPositionX"> 
      <float>-90.0</float> 
     </void> 
     <void property="endPointPositionY"> 
      <float>0.0</float> 
     </void> 
     <void property="endPointPositionZ"> 
      <float>0.0</float> 
     </void> 
     <void property="parentSegment"> 
      <object idref="Segment8"/> 
     </void> 
     <void property="radius"> 
      <float>3.0</float> 
     </void> 
     <void property="section"> 
      <object class="ucl.physiol.neuroconstruct.cell.Section"> 
       <void property="groups"> 
        <void method="add"> 
         <string>dendrite_group</string> 
        </void> 
       </void> 
       <void property="sectionName"> 
        <string>Section_12</string> 
       </void> 
       <void property="startPointPositionX"> 
        <float>-60.0</float> 
       </void> 
       <void property="startPointPositionY"> 
        <float>0.0</float> 
       </void> 
       <void property="startPointPositionZ"> 
        <float>0.0</float> 
       </void> 
       <void property="startRadius"> 
        <float>3.0</float> 
       </void> 
      </object> 
     </void> 
     <void property="segmentId"> 
      <int>12</int> 
     </void> 
     <void property="segmentName"> 
      <string>Segment_12</string> 
     </void> 
    </object> 
   </void> 
   <void method="add"> 
    <object id="Segment9" class="ucl.physiol.neuroconstruct.cell.Segment"> 
     <void property="endPointPositionX"> 
      <float>20.0</float> 
     </void> 
     <void property="endPointPositionY"> 
      <float>0.0</float> 
     </void> 
     <void property="endPointPositionZ"> 
      <float>20.0</float> 
     </void> 
     <void property="fractionAlongParent"> 
      <float>0.5</float> 
     </void> 
     <void property="parentSegment"> 
      <object idref="Segment0"/> 
     </void> 
     <void property="radius"> 
      <float>2.0</float> 
     </void> 
     <void property="section"> 
      <object class="ucl.physiol.neuroconstruct.cell.Section"> 
       <void property="groups"> 
        <void method="add"> 
         <string>axon_group</string> 
        </void> 
       </void> 
       <void property="sectionName"> 
        <string>Section_13</string> 
       </void> 
       <void property="startPointPositionX"> 
        <float>0.0</float> 
       </void> 
       <void property="startPointPositionY"> 
        <float>0.0</float> 
       </void> 
       <void property="startPointPositionZ"> 
        <float>0.0</float> 
       </void> 
       <void property="startRadius"> 
        <float>2.0</float> 
       </void> 
      </object> 
     </void> 
     <void property="segmentId"> 
      <int>13</int> 
     </void> 
     <void property="segmentName"> 
      <string>Segment_13</string> 
     </void> 
    </object> 
   </void> 
   <void method="add"> 
    <object id="Segment10" class="ucl.physiol.neuroconstruct.cell.Segment"> 
     <void property="endPointPositionX"> 
      <float>40.0</float> 
     </void> 
     <void property="endPointPositionY"> 
      <float>0.0</float> 
     </void> 
     <void property="endPointPositionZ"> 
      <float>40.0</float> 
     </void> 
     <void property="parentSegment"> 
      <object idref="Segment9"/> 
     </void> 
     <void property="radius"> 
      <float>2.0</float> 
     </void> 
     <void property="section"> 
      <object class="ucl.physiol.neuroconstruct.cell.Section"> 
       <void property="groups"> 
        <void method="add"> 
         <string>axon_group</string> 
        </void> 
       </void> 
       <void property="sectionName"> 
        <string>Section_14</string> 
       </void> 
       <void property="startPointPositionX"> 
        <float>20.0</float> 
       </void> 
       <void property="startPointPositionY"> 
        <float>0.0</float> 
       </void> 
       <void property="startPointPositionZ"> 
        <float>20.0</float> 
       </void> 
       <void property="startRadius"> 
        <float>2.0</float> 
       </void> 
      </object> 
     </void> 
     <void property="segmentId"> 
      <int>14</int> 
     </void> 
     <void property="segmentName"> 
      <string>Segment_14</string> 
     </void> 
    </object> 
   </void> 
   <void method="add"> 
    <object class="ucl.physiol.neuroconstruct.cell.Segment"> 
     <void property="endPointPositionX"> 
      <float>50.0</float> 
     </void> 
     <void property="endPointPositionY"> 
      <float>0.0</float> 
     </void> 
     <void property="endPointPositionZ"> 
      <float>60.0</float> 
     </void> 
     <void property="parentSegment"> 
      <object idref="Segment10"/> 
     </void> 
     <void property="radius"> 
      <float>2.0</float> 
     </void> 
     <void property="section"> 
      <object class="ucl.physiol.neuroconstruct.cell.Section"> 
       <void property="groups"> 
        <void method="add"> 
         <string>axon_group</string> 
        </void> 
       </void> 
       <void property="sectionName"> 
        <string>Section_15</string> 
       </void> 
       <void property="startPointPositionX"> 
        <float>40.0</float> 
       </void> 
       <void property="startPointPositionY"> 
        <float>0.0</float> 
       </void> 
       <void property="startPointPositionZ"> 
        <float>40.0</float> 
       </void> 
       <void property="startRadius"> 
        <float>2.0</float> 
       </void> 
      </object> 
     </void> 
     <void property="segmentId"> 
      <int>15</int> 
     </void> 
     <void property="segmentName"> 
      <string>Segment_15</string> 
     </void> 
    </object> 
   </void> 
   <void method="add"> 
    <object class="ucl.physiol.neuroconstruct.cell.Segment"> 
     <void property="endPointPositionX"> 
      <float>60.0</float> 
     </void> 
     <void property="endPointPositionY"> 
      <float>0.0</float> 
     </void> 
     <void property="endPointPositionZ"> 
      <float>50.0</float> 
     </void> 
     <void property="parentSegment"> 
      <object idref="Segment10"/> 
     </void> 
     <void property="radius"> 
      <float>2.0</float> 
     </void> 
     <void property="section"> 
      <object class="ucl.physiol.neuroconstruct.cell.Section"> 
       <void property="groups"> 
        <void method="add"> 
         <string>axon_group</string> 
        </void> 
       </void> 
       <void property="sectionName"> 
        <string>Section_16</string> 
       </void> 
       <void property="startPointPositionX"> 
        <float>40.0</float> 
       </void> 
       <void property="startPointPositionY"> 
        <float>0.0</float> 
       </void> 
       <void property="startPointPositionZ"> 
        <float>40.0</float> 
       </void> 
       <void property="startRadius"> 
        <float>2.0</float> 
       </void> 
      </object> 
     </void> 
     <void property="segmentId"> 
      <int>16</int> 
     </void> 
     <void property="segmentName"> 
      <string>Segment_16</string> 
     </void> 
    </object> 
   </void> 
  </void> 
  <void property="cellDescription"> 
   <string>A Simple cell for testing purposes</string> 
  </void> 
  <void property="chanMechsVsGroups"> 
   <void method="put"> 
    <object class="ucl.physiol.neuroconstruct.cell.ChannelMechanism"> 
     <void property="density"> 
      <float>3.0E-9</float> 
     </void> 
     <void property="name"> 
      <string>LeakConductance</string> 
     </void> 
    </object> 
    <object class="java.util.Vector"> 
     <void method="add"> 
      <string>all</string> 
     </void> 
    </object> 
   </void> 
  </void> 
  <void property="instanceName"> 
   <string>LTSInterneuron</string> 
  </void> 
  <void property="synapsesVsGroups"> 
   <void method="put"> 
    <string>LTSInterToNTPyram</string> 
    <object class="java.util.Vector"> 
     <void method="add"> 
      <string>soma_group</string> 
     </void> 
     <void method="add"> 
      <string>axon_group</string> 
     </void> 
    </object> 
   </void> 
  </void> 
 </object> 
</java> 
