<?xml version="1.0" encoding="UTF-8"?> 
<java version="1.5.0_06" class="java.beans.XMLDecoder"> 
 <object class="ucl.physiol.neuroconstruct.cell.examples.SimpleCell"> 
  <void property="allSegments"> 
   <void method="add"> 
    <object id="Segment0" class="ucl.physiol.neuroconstruct.cell.Segment"> 
     <void property="endPointPositionX"> 
      <float>0.0</float> 
     </void> 
     <void property="endPointPositionY"> 
      <float>0.0</float> 
     </void> 
     <void property="endPointPositionZ"> 
      <float>0.0</float> 
     </void> 
     <void property="finiteVolume"> 
      <boolean>true</boolean> 
     </void> 
     <void property="radius"> 
      <float>20.0</float> 
     </void> 
     <void property="section"> 
      <object class="ucl.physiol.neuroconstruct.cell.Section"> 
       <void property="groups"> 
        <void method="add"> 
         <string>soma_group</string> 
        </void> 
        <void method="add"> 
         <string>Level1</string> 
        </void> 
       </void> 
       <void property="sectionName"> 
        <string>Soma</string> 
       </void> 
       <void property="startPointPositionX"> 
        <float>0.0</float> 
       </void> 
       <void property="startPointPositionY"> 
        <float>0.0</float> 
       </void> 
       <void property="startPointPositionZ"> 
        <float>0.0</float> 
       </void> 
       <void property="startRadius"> 
        <float>20.0</float> 
       </void> 
      </object> 
     </void> 
     <void property="segmentId"> 
      <int>0</int> 
     </void> 
     <void property="segmentName"> 
      <string>Soma</string> 
     </void> 
    </object> 
   </void> 
   <void method="add"> 
    <object id="Segment1" class="ucl.physiol.neuroconstruct.cell.Segment"> 
     <void property="endPointPositionX"> 
      <float>0.0</float> 
     </void> 
     <void property="endPointPositionY"> 
      <float>20.0</float> 
     </void> 
     <void property="endPointPositionZ"> 
      <float>0.0</float> 
     </void> 
     <void property="fractionAlongParent"> 
      <float>0.5</float> 
     </void> 
     <void property="parentSegment"> 
      <object idref="Segment0"/> 
     </void> 
     <void property="radius"> 
      <float>5.0</float> 
     </void> 
     <void property="section"> 
      <object id="Section0" class="ucl.physiol.neuroconstruct.cell.Section"> 
       <void property="groups"> 
        <void method="add"> 
         <string>dendrite_group</string> 
        </void> 
        <void method="add"> 
         <string>Level5</string> 
        </void> 
       </void> 
       <void property="sectionName"> 
        <string>Section_1</string> 
       </void> 
       <void property="startPointPositionX"> 
        <float>0.0</float> 
       </void> 
       <void property="startPointPositionY"> 
        <float>0.0</float> 
       </void> 
       <void property="startPointPositionZ"> 
        <float>0.0</float> 
       </void> 
       <void property="startRadius"> 
        <float>5.0</float> 
       </void> 
      </object> 
     </void> 
     <void property="segmentId"> 
      <int>1</int> 
     </void> 
     <void property="segmentName"> 
      <string>Segment_1</string> 
     </void> 
    </object> 
   </void> 
   <void method="add"> 
    <object id="Segment2" class="ucl.physiol.neuroconstruct.cell.Segment"> 
     <void property="endPointPositionX"> 
      <float>0.0</float> 
     </void> 
     <void property="endPointPositionY"> 
      <float>70.0</float> 
     </void> 
     <void property="endPointPositionZ"> 
      <float>0.0</float> 
     </void> 
     <void property="parentSegment"> 
      <object idref="Segment1"/> 
     </void> 
     <void property="radius"> 
      <float>5.0</float> 
     </void> 
     <void property="section"> 
      <object idref="Section0"/> 
     </void> 
     <void property="segmentId"> 
      <int>2</int> 
     </void> 
     <void property="segmentName"> 
      <string>Segment_2</string> 
     </void> 
    </object> 
   </void> 
   <void method="add"> 
    <object id="Segment3" class="ucl.physiol.neuroconstruct.cell.Segment"> 
     <void property="endPointPositionX"> 
      <float>0.0</float> 
     </void> 
     <void property="endPointPositionY"> 
      <float>120.0</float> 
     </void> 
     <void property="endPointPositionZ"> 
      <float>0.0</float> 
     </void> 
     <void property="parentSegment"> 
      <object idref="Segment2"/> 
     </void> 
     <void property="radius"> 
      <float>5.0</float> 
     </void> 
     <void property="section"> 
      <object class="ucl.physiol.neuroconstruct.cell.Section"> 
       <void property="groups"> 
        <void method="add"> 
         <string>dendrite_group</string> 
        </void> 
        <void method="add"> 
         <string>Level6</string> 
        </void> 
       </void> 
       <void property="sectionName"> 
        <string>Section_2</string> 
       </void> 
       <void property="startPointPositionX"> 
        <float>0.0</float> 
       </void> 
       <void property="startPointPositionY"> 
        <float>70.0</float> 
       </void> 
       <void property="startPointPositionZ"> 
        <float>0.0</float> 
       </void> 
       <void property="startRadius"> 
        <float>5.0</float> 
       </void> 
      </object> 
     </void> 
     <void property="segmentId"> 
      <int>3</int> 
     </void> 
     <void property="segmentName"> 
      <string>Segment_3</string> 
     </void> 
    </object> 
   </void> 
   <void method="add"> 
    <object id="Segment4" class="ucl.physiol.neuroconstruct.cell.Segment"> 
     <void property="endPointPositionX"> 
      <float>50.0</float> 
     </void> 
     <void property="endPointPositionY"> 
      <float>70.0</float> 
     </void> 
     <void property="endPointPositionZ"> 
      <float>0.0</float> 
     </void> 
     <void property="parentSegment"> 
      <object idref="Segment2"/> 
     </void> 
     <void property="radius"> 
      <float>4.0</float> 
     </void> 
     <void property="section"> 
      <object class="ucl.physiol.neuroconstruct.cell.Section"> 
       <void property="groups"> 
        <void method="add"> 
         <string>dendrite_group</string> 
        </void> 
        <void method="add"> 
         <string>Level2</string> 
        </void> 
       </void> 
       <void property="sectionName"> 
        <string>Section_3</string> 
       </void> 
       <void property="startPointPositionX"> 
        <float>0.0</float> 
       </void> 
       <void property="startPointPositionY"> 
        <float>70.0</float> 
       </void> 
       <void property="startPointPositionZ"> 
        <float>0.0</float> 
       </void> 
       <void property="startRadius"> 
        <float>4.0</float> 
       </void> 
      </object> 
     </void> 
     <void property="segmentId"> 
      <int>4</int> 
     </void> 
     <void property="segmentName"> 
      <string>Segment_4</string> 
     </void> 
    </object> 
   </void> 
   <void method="add"> 
    <object id="Segment5" class="ucl.physiol.neuroconstruct.cell.Segment"> 
     <void property="endPointPositionX"> 
      <float>-50.0</float> 
     </void> 
     <void property="endPointPositionY"> 
      <float>70.0</float> 
     </void> 
     <void property="endPointPositionZ"> 
      <float>0.0</float> 
     </void> 
     <void property="parentSegment"> 
      <object idref="Segment2"/> 
     </void> 
     <void property="radius"> 
      <float>4.0</float> 
     </void> 
     <void property="section"> 
      <object class="ucl.physiol.neuroconstruct.cell.Section"> 
       <void property="groups"> 
        <void method="add"> 
         <string>dendrite_group</string> 
        </void> 
        <void method="add"> 
         <string>Level2</string> 
        </void> 
       </void> 
       <void property="sectionName"> 
        <string>Section_4</string> 
       </void> 
       <void property="startPointPositionX"> 
        <float>0.0</float> 
       </void> 
       <void property="startPointPositionY"> 
        <float>70.0</float> 
       </void> 
       <void property="startPointPositionZ"> 
        <float>0.0</float> 
       </void> 
       <void property="startRadius"> 
        <float>4.0</float> 
       </void> 
      </object> 
     </void> 
     <void property="segmentId"> 
      <int>7</int> 
     </void> 
     <void property="segmentName"> 
      <string>Segment_7</string> 
     </void> 
    </object> 
   </void> 
   <void method="add"> 
    <object id="Segment6" class="ucl.physiol.neuroconstruct.cell.Segment"> 
     <void property="endPointPositionX"> 
      <float>0.0</float> 
     </void> 
     <void property="endPointPositionY"> 
      <float>120.0</float> 
     </void> 
     <void property="endPointPositionZ"> 
      <float>50.0</float> 
     </void> 
     <void property="parentSegment"> 
      <object idref="Segment3"/> 
     </void> 
     <void property="radius"> 
      <float>4.0</float> 
     </void> 
     <void property="section"> 
      <object class="ucl.physiol.neuroconstruct.cell.Section"> 
       <void property="groups"> 
        <void method="add"> 
         <string>dendrite_group</string> 
        </void> 
        <void method="add"> 
         <string>Level2</string> 
        </void> 
       </void> 
       <void property="sectionName"> 
        <string>Section_5</string> 
       </void> 
       <void property="startPointPositionX"> 
        <float>0.0</float> 
       </void> 
       <void property="startPointPositionY"> 
        <float>120.0</float> 
       </void> 
       <void property="startPointPositionZ"> 
        <float>0.0</float> 
       </void> 
       <void property="startRadius"> 
        <float>4.0</float> 
       </void> 
      </object> 
     </void> 
     <void property="segmentId"> 
      <int>10</int> 
     </void> 
     <void property="segmentName"> 
      <string>Segment_10</string> 
     </void> 
    </object> 
   </void> 
   <void method="add"> 
    <object id="Segment7" class="ucl.physiol.neuroconstruct.cell.Segment"> 
     <void property="endPointPositionX"> 
      <float>0.0</float> 
     </void> 
     <void property="endPointPositionY"> 
      <float>120.0</float> 
     </void> 
     <void property="endPointPositionZ"> 
      <float>-50.0</float> 
     </void> 
     <void property="parentSegment"> 
      <object idref="Segment3"/> 
     </void> 
     <void property="radius"> 
      <float>4.0</float> 
     </void> 
     <void property="section"> 
      <object class="ucl.physiol.neuroconstruct.cell.Section"> 
       <void property="groups"> 
        <void method="add"> 
         <string>dendrite_group</string> 
        </void> 
        <void method="add"> 
         <string>Level2</string> 
        </void> 
       </void> 
       <void property="sectionName"> 
        <string>Section_6</string> 
       </void> 
       <void property="startPointPositionX"> 
        <float>0.0</float> 
       </void> 
       <void property="startPointPositionY"> 
        <float>120.0</float> 
       </void> 
       <void property="startPointPositionZ"> 
        <float>0.0</float> 
       </void> 
       <void property="startRadius"> 
        <float>4.0</float> 
       </void> 
      </object> 
     </void> 
     <void property="segmentId"> 
      <int>13</int> 
     </void> 
     <void property="segmentName"> 
      <string>Segment_13</string> 
     </void> 
    </object> 
   </void> 
   <void method="add"> 
    <object id="Segment8" class="ucl.physiol.neuroconstruct.cell.Segment"> 
     <void property="endPointPositionX"> 
      <float>0.0</float> 
     </void> 
     <void property="endPointPositionY"> 
      <float>170.0</float> 
     </void> 
     <void property="endPointPositionZ"> 
      <float>0.0</float> 
     </void> 
     <void property="parentSegment"> 
      <object idref="Segment3"/> 
     </void> 
     <void property="radius"> 
      <float>5.0</float> 
     </void> 
     <void property="section"> 
      <object class="ucl.physiol.neuroconstruct.cell.Section"> 
       <void property="groups"> 
        <void method="add"> 
         <string>dendrite_group</string> 
        </void> 
        <void method="add"> 
         <string>Level7</string> 
        </void> 
       </void> 
       <void property="sectionName"> 
        <string>Section_7</string> 
       </void> 
       <void property="startPointPositionX"> 
        <float>0.0</float> 
       </void> 
       <void property="startPointPositionY"> 
        <float>120.0</float> 
       </void> 
       <void property="startPointPositionZ"> 
        <float>0.0</float> 
       </void> 
       <void property="startRadius"> 
        <float>5.0</float> 
       </void> 
      </object> 
     </void> 
     <void property="segmentId"> 
      <int>16</int> 
     </void> 
     <void property="segmentName"> 
      <string>Segment_16</string> 
     </void> 
    </object> 
   </void> 
   <void method="add"> 
    <object id="Segment9" class="ucl.physiol.neuroconstruct.cell.Segment"> 
     <void property="endPointPositionX"> 
      <float>50.0</float> 
     </void> 
     <void property="endPointPositionY"> 
      <float>170.0</float> 
     </void> 
     <void property="endPointPositionZ"> 
      <float>0.0</float> 
     </void> 
     <void property="parentSegment"> 
      <object idref="Segment8"/> 
     </void> 
     <void property="radius"> 
      <float>4.0</float> 
     </void> 
     <void property="section"> 
      <object class="ucl.physiol.neuroconstruct.cell.Section"> 
       <void property="groups"> 
        <void method="add"> 
         <string>dendrite_group</string> 
        </void> 
        <void method="add"> 
         <string>Level2</string> 
        </void> 
       </void> 
       <void property="sectionName"> 
        <string>Section_8</string> 
       </void> 
       <void property="startPointPositionX"> 
        <float>0.0</float> 
       </void> 
       <void property="startPointPositionY"> 
        <float>170.0</float> 
       </void> 
       <void property="startPointPositionZ"> 
        <float>0.0</float> 
       </void> 
       <void property="startRadius"> 
        <float>4.0</float> 
       </void> 
      </object> 
     </void> 
     <void property="segmentId"> 
      <int>17</int> 
     </void> 
     <void property="segmentName"> 
      <string>Segment_17</string> 
     </void> 
    </object> 
   </void> 
   <void method="add"> 
    <object id="Segment10" class="ucl.physiol.neuroconstruct.cell.Segment"> 
     <void property="endPointPositionX"> 
      <float>-50.0</float> 
     </void> 
     <void property="endPointPositionY"> 
      <float>170.0</float> 
     </void> 
     <void property="endPointPositionZ"> 
      <float>0.0</float> 
     </void> 
     <void property="parentSegment"> 
      <object idref="Segment8"/> 
     </void> 
     <void property="radius"> 
      <float>4.0</float> 
     </void> 
     <void property="section"> 
      <object class="ucl.physiol.neuroconstruct.cell.Section"> 
       <void property="groups"> 
        <void method="add"> 
         <string>dendrite_group</string> 
        </void> 
        <void method="add"> 
         <string>Level2</string> 
        </void> 
       </void> 
       <void property="sectionName"> 
        <string>Section_9</string> 
       </void> 
       <void property="startPointPositionX"> 
        <float>0.0</float> 
       </void> 
       <void property="startPointPositionY"> 
        <float>170.0</float> 
       </void> 
       <void property="startPointPositionZ"> 
        <float>0.0</float> 
       </void> 
       <void property="startRadius"> 
        <float>4.0</float> 
       </void> 
      </object> 
     </void> 
     <void property="segmentId"> 
      <int>20</int> 
     </void> 
     <void property="segmentName"> 
      <string>Segment_20</string> 
     </void> 
    </object> 
   </void> 
   <void method="add"> 
    <object id="Segment11" class="ucl.physiol.neuroconstruct.cell.Segment"> 
     <void property="endPointPositionX"> 
      <float>0.0</float> 
     </void> 
     <void property="endPointPositionY"> 
      <float>220.0</float> 
     </void> 
     <void property="endPointPositionZ"> 
      <float>0.0</float> 
     </void> 
     <void property="parentSegment"> 
      <object idref="Segment8"/> 
     </void> 
     <void property="radius"> 
      <float>4.5</float> 
     </void> 
     <void property="section"> 
      <object class="ucl.physiol.neuroconstruct.cell.Section"> 
       <void property="groups"> 
        <void method="add"> 
         <string>dendrite_group</string> 
        </void> 
        <void method="add"> 
         <string>Levels8to15</string> 
        </void> 
       </void> 
       <void property="sectionName"> 
        <string>Section_10</string> 
       </void> 
       <void property="startPointPositionX"> 
        <float>0.0</float> 
       </void> 
       <void property="startPointPositionY"> 
        <float>170.0</float> 
       </void> 
       <void property="startPointPositionZ"> 
        <float>0.0</float> 
       </void> 
       <void property="startRadius"> 
        <float>5.0</float> 
       </void> 
      </object> 
     </void> 
     <void property="segmentId"> 
      <int>23</int> 
     </void> 
     <void property="segmentName"> 
      <string>Segment_23</string> 
     </void> 
    </object> 
   </void> 
   <void method="add"> 
    <object id="Segment12" class="ucl.physiol.neuroconstruct.cell.Segment"> 
     <void property="endPointPositionX"> 
      <float>0.0</float> 
     </void> 
     <void property="endPointPositionY"> 
      <float>-60.0</float> 
     </void> 
     <void property="endPointPositionZ"> 
      <float>0.0</float> 
     </void> 
     <void property="fractionAlongParent"> 
      <float>0.5</float> 
     </void> 
     <void property="parentSegment"> 
      <object idref="Segment0"/> 
     </void> 
     <void property="radius"> 
      <float>3.0</float> 
     </void> 
     <void property="section"> 
      <object class="ucl.physiol.neuroconstruct.cell.Section"> 
       <void property="groups"> 
        <void method="add"> 
         <string>dendrite_group</string> 
        </void> 
        <void method="add"> 
         <string>Level2</string> 
        </void> 
       </void> 
       <void property="sectionName"> 
        <string>Section_12</string> 
       </void> 
       <void property="startPointPositionX"> 
        <float>0.0</float> 
       </void> 
       <void property="startPointPositionY"> 
        <float>0.0</float> 
       </void> 
       <void property="startPointPositionZ"> 
        <float>0.0</float> 
       </void> 
       <void property="startRadius"> 
        <float>3.0</float> 
       </void> 
      </object> 
     </void> 
     <void property="segmentId"> 
      <int>30</int> 
     </void> 
     <void property="segmentName"> 
      <string>Segment_30</string> 
     </void> 
    </object> 
   </void> 
   <void method="add"> 
    <object id="Segment13" class="ucl.physiol.neuroconstruct.cell.Segment"> 
     <void property="endPointPositionX"> 
      <float>0.0</float> 
     </void> 
     <void property="endPointPositionY"> 
      <float>-120.0</float> 
     </void> 
     <void property="endPointPositionZ"> 
      <float>0.0</float> 
     </void> 
     <void property="parentSegment"> 
      <object idref="Segment12"/> 
     </void> 
     <void property="radius"> 
      <float>3.0</float> 
     </void> 
     <void property="section"> 
      <object class="ucl.physiol.neuroconstruct.cell.Section"> 
       <void property="groups"> 
        <void method="add"> 
         <string>dendrite_group</string> 
        </void> 
        <void method="add"> 
         <string>Level3</string> 
        </void> 
       </void> 
       <void property="sectionName"> 
        <string>Section_13</string> 
       </void> 
       <void property="startPointPositionX"> 
        <float>0.0</float> 
       </void> 
       <void property="startPointPositionY"> 
        <float>-60.0</float> 
       </void> 
       <void property="startPointPositionZ"> 
        <float>0.0</float> 
       </void> 
       <void property="startRadius"> 
        <float>3.0</float> 
       </void> 
      </object> 
     </void> 
     <void property="segmentId"> 
      <int>31</int> 
     </void> 
     <void property="segmentName"> 
      <string>Segment_31</string> 
     </void> 
    </object> 
   </void> 
   <void method="add"> 
    <object class="ucl.physiol.neuroconstruct.cell.Segment"> 
     <void property="endPointPositionX"> 
      <float>0.0</float> 
     </void> 
     <void property="endPointPositionY"> 
      <float>-180.0</float> 
     </void> 
     <void property="endPointPositionZ"> 
      <float>0.0</float> 
     </void> 
     <void property="parentSegment"> 
      <object idref="Segment13"/> 
     </void> 
     <void property="radius"> 
      <float>3.0</float> 
     </void> 
     <void property="section"> 
      <object class="ucl.physiol.neuroconstruct.cell.Section"> 
       <void property="groups"> 
        <void method="add"> 
         <string>dendrite_group</string> 
        </void> 
        <void method="add"> 
         <string>Level4</string> 
        </void> 
       </void> 
       <void property="sectionName"> 
        <string>Section_14</string> 
       </void> 
       <void property="startPointPositionX"> 
        <float>0.0</float> 
       </void> 
       <void property="startPointPositionY"> 
        <float>-120.0</float> 
       </void> 
       <void property="startPointPositionZ"> 
        <float>0.0</float> 
       </void> 
       <void property="startRadius"> 
        <float>3.0</float> 
       </void> 
      </object> 
     </void> 
     <void property="segmentId"> 
      <int>32</int> 
     </void> 
     <void property="segmentName"> 
      <string>Segment_32</string> 
     </void> 
    </object> 
   </void> 
   <void method="add"> 
    <object id="Segment14" class="ucl.physiol.neuroconstruct.cell.Segment"> 
     <void property="endPointPositionX"> 
      <float>35.0</float> 
     </void> 
     <void property="endPointPositionY"> 
      <float>-35.0</float> 
     </void> 
     <void property="endPointPositionZ"> 
      <float>35.0</float> 
     </void> 
     <void property="fractionAlongParent"> 
      <float>0.5</float> 
     </void> 
     <void property="parentSegment"> 
      <object idref="Segment0"/> 
     </void> 
     <void property="radius"> 
      <float>3.0</float> 
     </void> 
     <void property="section"> 
      <object class="ucl.physiol.neuroconstruct.cell.Section"> 
       <void property="groups"> 
        <void method="add"> 
         <string>dendrite_group</string> 
        </void> 
        <void method="add"> 
         <string>Level2</string> 
        </void> 
       </void> 
       <void property="sectionName"> 
        <string>Section_15</string> 
       </void> 
       <void property="startPointPositionX"> 
        <float>0.0</float> 
       </void> 
       <void property="startPointPositionY"> 
        <float>0.0</float> 
       </void> 
       <void property="startPointPositionZ"> 
        <float>0.0</float> 
       </void> 
       <void property="startRadius"> 
        <float>3.0</float> 
       </void> 
      </object> 
     </void> 
     <void property="segmentId"> 
      <int>33</int> 
     </void> 
     <void property="segmentName"> 
      <string>Segment_33</string> 
     </void> 
    </object> 
   </void> 
   <void method="add"> 
    <object id="Segment15" class="ucl.physiol.neuroconstruct.cell.Segment"> 
     <void property="endPointPositionX"> 
      <float>35.0</float> 
     </void> 
     <void property="endPointPositionY"> 
      <float>-35.0</float> 
     </void> 
     <void property="endPointPositionZ"> 
      <float>-35.0</float> 
     </void> 
     <void property="fractionAlongParent"> 
      <float>0.5</float> 
     </void> 
     <void property="parentSegment"> 
      <object idref="Segment0"/> 
     </void> 
     <void property="radius"> 
      <float>3.0</float> 
     </void> 
     <void property="section"> 
      <object class="ucl.physiol.neuroconstruct.cell.Section"> 
       <void property="groups"> 
        <void method="add"> 
         <string>dendrite_group</string> 
        </void> 
        <void method="add"> 
         <string>Level2</string> 
        </void> 
       </void> 
       <void property="sectionName"> 
        <string>Section_16</string> 
       </void> 
       <void property="startPointPositionX"> 
        <float>0.0</float> 
       </void> 
       <void property="startPointPositionY"> 
        <float>0.0</float> 
       </void> 
       <void property="startPointPositionZ"> 
        <float>0.0</float> 
       </void> 
       <void property="startRadius"> 
        <float>3.0</float> 
       </void> 
      </object> 
     </void> 
     <void property="segmentId"> 
      <int>36</int> 
     </void> 
     <void property="segmentName"> 
      <string>Segment_36</string> 
     </void> 
    </object> 
   </void> 
   <void method="add"> 
    <object id="Segment16" class="ucl.physiol.neuroconstruct.cell.Segment"> 
     <void property="endPointPositionX"> 
      <float>70.0</float> 
     </void> 
     <void property="endPointPositionY"> 
      <float>-70.0</float> 
     </void> 
     <void property="endPointPositionZ"> 
      <float>-70.0</float> 
     </void> 
     <void property="parentSegment"> 
      <object idref="Segment15"/> 
     </void> 
     <void property="radius"> 
      <float>3.0</float> 
     </void> 
     <void property="section"> 
      <object class="ucl.physiol.neuroconstruct.cell.Section"> 
       <void property="groups"> 
        <void method="add"> 
         <string>dendrite_group</string> 
        </void> 
        <void method="add"> 
         <string>Level3</string> 
        </void> 
       </void> 
       <void property="sectionName"> 
        <string>Section_17</string> 
       </void> 
       <void property="startPointPositionX"> 
        <float>35.0</float> 
       </void> 
       <void property="startPointPositionY"> 
        <float>-35.0</float> 
       </void> 
       <void property="startPointPositionZ"> 
        <float>-35.0</float> 
       </void> 
       <void property="startRadius"> 
        <float>3.0</float> 
       </void> 
      </object> 
     </void> 
     <void property="segmentId"> 
      <int>37</int> 
     </void> 
     <void property="segmentName"> 
      <string>Segment_37</string> 
     </void> 
    </object> 
   </void> 
   <void method="add"> 
    <object class="ucl.physiol.neuroconstruct.cell.Segment"> 
     <void property="endPointPositionX"> 
      <float>105.0</float> 
     </void> 
     <void property="endPointPositionY"> 
      <float>-105.0</float> 
     </void> 
     <void property="endPointPositionZ"> 
      <float>-105.0</float> 
     </void> 
     <void property="parentSegment"> 
      <object idref="Segment16"/> 
     </void> 
     <void property="radius"> 
      <float>3.0</float> 
     </void> 
     <void property="section"> 
      <object class="ucl.physiol.neuroconstruct.cell.Section"> 
       <void property="groups"> 
        <void method="add"> 
         <string>dendrite_group</string> 
        </void> 
        <void method="add"> 
         <string>Level4</string> 
        </void> 
       </void> 
       <void property="sectionName"> 
        <string>Section_18</string> 
       </void> 
       <void property="startPointPositionX"> 
        <float>70.0</float> 
       </void> 
       <void property="startPointPositionY"> 
        <float>-70.0</float> 
       </void> 
       <void property="startPointPositionZ"> 
        <float>-70.0</float> 
       </void> 
       <void property="startRadius"> 
        <float>3.0</float> 
       </void> 
      </object> 
     </void> 
     <void property="segmentId"> 
      <int>38</int> 
     </void> 
     <void property="segmentName"> 
      <string>Segment_38</string> 
     </void> 
    </object> 
   </void> 
   <void method="add"> 
    <object id="Segment17" class="ucl.physiol.neuroconstruct.cell.Segment"> 
     <void property="endPointPositionX"> 
      <float>-35.0</float> 
     </void> 
     <void property="endPointPositionY"> 
      <float>-35.0</float> 
     </void> 
     <void property="endPointPositionZ"> 
      <float>35.0</float> 
     </void> 
     <void property="fractionAlongParent"> 
      <float>0.5</float> 
     </void> 
     <void property="parentSegment"> 
      <object idref="Segment0"/> 
     </void> 
     <void property="radius"> 
      <float>3.0</float> 
     </void> 
     <void property="section"> 
      <object class="ucl.physiol.neuroconstruct.cell.Section"> 
       <void property="groups"> 
        <void method="add"> 
         <string>dendrite_group</string> 
        </void> 
        <void method="add"> 
         <string>Level2</string> 
        </void> 
       </void> 
       <void property="sectionName"> 
        <string>Section_19</string> 
       </void> 
       <void property="startPointPositionX"> 
        <float>0.0</float> 
       </void> 
       <void property="startPointPositionY"> 
        <float>0.0</float> 
       </void> 
       <void property="startPointPositionZ"> 
        <float>0.0</float> 
       </void> 
       <void property="startRadius"> 
        <float>3.0</float> 
       </void> 
      </object> 
     </void> 
     <void property="segmentId"> 
      <int>39</int> 
     </void> 
     <void property="segmentName"> 
      <string>Segment_39</string> 
     </void> 
    </object> 
   </void> 
   <void method="add"> 
    <object id="Segment18" class="ucl.physiol.neuroconstruct.cell.Segment"> 
     <void property="endPointPositionX"> 
      <float>-35.0</float> 
     </void> 
     <void property="endPointPositionY"> 
      <float>-35.0</float> 
     </void> 
     <void property="endPointPositionZ"> 
      <float>-35.0</float> 
     </void> 
     <void property="fractionAlongParent"> 
      <float>0.5</float> 
     </void> 
     <void property="parentSegment"> 
      <object idref="Segment0"/> 
     </void> 
     <void property="radius"> 
      <float>3.0</float> 
     </void> 
     <void property="section"> 
      <object class="ucl.physiol.neuroconstruct.cell.Section"> 
       <void property="groups"> 
        <void method="add"> 
         <string>dendrite_group</string> 
        </void> 
        <void method="add"> 
         <string>Level2</string> 
        </void> 
       </void> 
       <void property="sectionName"> 
        <string>Section_20</string> 
       </void> 
       <void property="startPointPositionX"> 
        <float>0.0</float> 
       </void> 
       <void property="startPointPositionY"> 
        <float>0.0</float> 
       </void> 
       <void property="startPointPositionZ"> 
        <float>0.0</float> 
       </void> 
       <void property="startRadius"> 
        <float>3.0</float> 
       </void> 
      </object> 
     </void> 
     <void property="segmentId"> 
      <int>42</int> 
     </void> 
     <void property="segmentName"> 
      <string>Segment_42</string> 
     </void> 
    </object> 
   </void> 
   <void method="add"> 
    <object id="Segment19" class="ucl.physiol.neuroconstruct.cell.Segment"> 
     <void property="endPointPositionX"> 
      <float>0.0</float> 
     </void> 
     <void property="endPointPositionY"> 
      <float>0.0</float> 
     </void> 
     <void property="endPointPositionZ"> 
      <float>50.0</float> 
     </void> 
     <void property="fractionAlongParent"> 
      <float>0.5</float> 
     </void> 
     <void property="parentSegment"> 
      <object idref="Segment0"/> 
     </void> 
     <void property="radius"> 
      <float>2.0</float> 
     </void> 
     <void property="section"> 
      <object id="Section1" class="ucl.physiol.neuroconstruct.cell.Section"> 
       <void property="groups"> 
        <void method="add"> 
         <string>axon_group</string> 
        </void> 
        <void method="add"> 
         <string>Level0</string> 
        </void> 
       </void> 
       <void property="sectionName"> 
        <string>AxonSection</string> 
       </void> 
       <void property="startPointPositionX"> 
        <float>0.0</float> 
       </void> 
       <void property="startPointPositionY"> 
        <float>0.0</float> 
       </void> 
       <void property="startPointPositionZ"> 
        <float>0.0</float> 
       </void> 
       <void property="startRadius"> 
        <float>2.0</float> 
       </void> 
      </object> 
     </void> 
     <void property="segmentId"> 
      <int>45</int> 
     </void> 
     <void property="segmentName"> 
      <string>AxonSeg</string> 
     </void> 
    </object> 
   </void> 
   <void method="add"> 
    <object id="Segment20" class="ucl.physiol.neuroconstruct.cell.Segment"> 
     <void property="endPointPositionX"> 
      <float>0.0</float> 
     </void> 
     <void property="endPointPositionY"> 
      <float>0.0</float> 
     </void> 
     <void property="endPointPositionZ"> 
      <float>100.0</float> 
     </void> 
     <void property="parentSegment"> 
      <object idref="Segment19"/> 
     </void> 
     <void property="radius"> 
      <float>2.0</float> 
     </void> 
     <void property="section"> 
      <object idref="Section1"/> 
     </void> 
     <void property="segmentId"> 
      <int>46</int> 
     </void> 
     <void property="segmentName"> 
      <string>Segment_46</string> 
     </void> 
    </object> 
   </void> 
   <void method="add"> 
    <object class="ucl.physiol.neuroconstruct.cell.Segment"> 
     <void property="endPointPositionX"> 
      <float>0.0</float> 
     </void> 
     <void property="endPointPositionY"> 
      <float>20.0</float> 
     </void> 
     <void property="endPointPositionZ"> 
      <float>130.0</float> 
     </void> 
     <void property="parentSegment"> 
      <object idref="Segment20"/> 
     </void> 
     <void property="radius"> 
      <float>2.0</float> 
     </void> 
     <void property="section"> 
      <object class="ucl.physiol.neuroconstruct.cell.Section"> 
       <void property="groups"> 
        <void method="add"> 
         <string>axon_group</string> 
        </void> 
        <void method="add"> 
         <string>Level0</string> 
        </void> 
       </void> 
       <void property="sectionName"> 
        <string>Section_22</string> 
       </void> 
       <void property="startPointPositionX"> 
        <float>0.0</float> 
       </void> 
       <void property="startPointPositionY"> 
        <float>0.0</float> 
       </void> 
       <void property="startPointPositionZ"> 
        <float>100.0</float> 
       </void> 
       <void property="startRadius"> 
        <float>2.0</float> 
       </void> 
      </object> 
     </void> 
     <void property="segmentId"> 
      <int>47</int> 
     </void> 
     <void property="segmentName"> 
      <string>Segment_47</string> 
     </void> 
    </object> 
   </void> 
   <void method="add"> 
    <object class="ucl.physiol.neuroconstruct.cell.Segment"> 
     <void property="endPointPositionX"> 
      <float>0.0</float> 
     </void> 
     <void property="endPointPositionY"> 
      <float>-20.0</float> 
     </void> 
     <void property="endPointPositionZ"> 
      <float>130.0</float> 
     </void> 
     <void property="parentSegment"> 
      <object idref="Segment20"/> 
     </void> 
     <void property="radius"> 
      <float>2.0</float> 
     </void> 
     <void property="section"> 
      <object class="ucl.physiol.neuroconstruct.cell.Section"> 
       <void property="groups"> 
        <void method="add"> 
         <string>axon_group</string> 
        </void> 
        <void method="add"> 
         <string>Level0</string> 
        </void> 
       </void> 
       <void property="sectionName"> 
        <string>Section_23</string> 
       </void> 
       <void property="startPointPositionX"> 
        <float>0.0</float> 
       </void> 
       <void property="startPointPositionY"> 
        <float>0.0</float> 
       </void> 
       <void property="startPointPositionZ"> 
        <float>100.0</float> 
       </void> 
       <void property="startRadius"> 
        <float>2.0</float> 
       </void> 
      </object> 
     </void> 
     <void property="segmentId"> 
      <int>48</int> 
     </void> 
     <void property="segmentName"> 
      <string>Segment_48</string> 
     </void> 
    </object> 
   </void> 
   <void method="add"> 
    <object id="Segment21" class="ucl.physiol.neuroconstruct.cell.Segment"> 
     <void property="endPointPositionX"> 
      <float>-70.0</float> 
     </void> 
     <void property="endPointPositionY"> 
      <float>-70.0</float> 
     </void> 
     <void property="endPointPositionZ"> 
      <float>70.0</float> 
     </void> 
     <void property="parentSegment"> 
      <object idref="Segment17"/> 
     </void> 
     <void property="radius"> 
      <float>3.0</float> 
     </void> 
     <void property="section"> 
      <object class="ucl.physiol.neuroconstruct.cell.Section"> 
       <void property="groups"> 
        <void method="add"> 
         <string>dendrite_group</string> 
        </void> 
        <void method="add"> 
         <string>Level3</string> 
        </void> 
       </void> 
       <void property="sectionName"> 
        <string>Section_24</string> 
       </void> 
       <void property="startPointPositionX"> 
        <float>-35.0</float> 
       </void> 
       <void property="startPointPositionY"> 
        <float>-35.0</float> 
       </void> 
       <void property="startPointPositionZ"> 
        <float>35.0</float> 
       </void> 
       <void property="startRadius"> 
        <float>3.0</float> 
       </void> 
      </object> 
     </void> 
     <void property="segmentId"> 
      <int>49</int> 
     </void> 
     <void property="segmentName"> 
      <string>Segment_49</string> 
     </void> 
    </object> 
   </void> 
   <void method="add"> 
    <object class="ucl.physiol.neuroconstruct.cell.Segment"> 
     <void property="endPointPositionX"> 
      <float>-105.0</float> 
     </void> 
     <void property="endPointPositionY"> 
      <float>-105.0</float> 
     </void> 
     <void property="endPointPositionZ"> 
      <float>105.0</float> 
     </void> 
     <void property="parentSegment"> 
      <object idref="Segment21"/> 
     </void> 
     <void property="radius"> 
      <float>3.0</float> 
     </void> 
     <void property="section"> 
      <object class="ucl.physiol.neuroconstruct.cell.Section"> 
       <void property="groups"> 
        <void method="add"> 
         <string>dendrite_group</string> 
        </void> 
        <void method="add"> 
         <string>Level4</string> 
        </void> 
       </void> 
       <void property="sectionName"> 
        <string>Section_25</string> 
       </void> 
       <void property="startPointPositionX"> 
        <float>-70.0</float> 
       </void> 
       <void property="startPointPositionY"> 
        <float>-70.0</float> 
       </void> 
       <void property="startPointPositionZ"> 
        <float>70.0</float> 
       </void> 
       <void property="startRadius"> 
        <float>3.0</float> 
       </void> 
      </object> 
     </void> 
     <void property="segmentId"> 
      <int>50</int> 
     </void> 
     <void property="segmentName"> 
      <string>Segment_50</string> 
     </void> 
    </object> 
   </void> 
   <void method="add"> 
    <object id="Segment22" class="ucl.physiol.neuroconstruct.cell.Segment"> 
     <void property="endPointPositionX"> 
      <float>70.0</float> 
     </void> 
     <void property="endPointPositionY"> 
      <float>-70.0</float> 
     </void> 
     <void property="endPointPositionZ"> 
      <float>70.0</float> 
     </void> 
     <void property="parentSegment"> 
      <object idref="Segment14"/> 
     </void> 
     <void property="radius"> 
      <float>3.0</float> 
     </void> 
     <void property="section"> 
      <object class="ucl.physiol.neuroconstruct.cell.Section"> 
       <void property="groups"> 
        <void method="add"> 
         <string>dendrite_group</string> 
        </void> 
        <void method="add"> 
         <string>Level3</string> 
        </void> 
       </void> 
       <void property="sectionName"> 
        <string>Section_26</string> 
       </void> 
       <void property="startPointPositionX"> 
        <float>35.0</float> 
       </void> 
       <void property="startPointPositionY"> 
        <float>-35.0</float> 
       </void> 
       <void property="startPointPositionZ"> 
        <float>35.0</float> 
       </void> 
       <void property="startRadius"> 
        <float>3.0</float> 
       </void> 
      </object> 
     </void> 
     <void property="segmentId"> 
      <int>51</int> 
     </void> 
     <void property="segmentName"> 
      <string>Segment_51</string> 
     </void> 
    </object> 
   </void> 
   <void method="add"> 
    <object class="ucl.physiol.neuroconstruct.cell.Segment"> 
     <void property="endPointPositionX"> 
      <float>105.0</float> 
     </void> 
     <void property="endPointPositionY"> 
      <float>-105.0</float> 
     </void> 
     <void property="endPointPositionZ"> 
      <float>105.0</float> 
     </void> 
     <void property="parentSegment"> 
      <object idref="Segment22"/> 
     </void> 
     <void property="radius"> 
      <float>3.0</float> 
     </void> 
     <void property="section"> 
      <object class="ucl.physiol.neuroconstruct.cell.Section"> 
       <void property="groups"> 
        <void method="add"> 
         <string>dendrite_group</string> 
        </void> 
        <void method="add"> 
         <string>Level4</string> 
        </void> 
       </void> 
       <void property="sectionName"> 
        <string>Section_27</string> 
       </void> 
       <void property="startPointPositionX"> 
        <float>70.0</float> 
       </void> 
       <void property="startPointPositionY"> 
        <float>-70.0</float> 
       </void> 
       <void property="startPointPositionZ"> 
        <float>70.0</float> 
       </void> 
       <void property="startRadius"> 
        <float>3.0</float> 
       </void> 
      </object> 
     </void> 
     <void property="segmentId"> 
      <int>52</int> 
     </void> 
     <void property="segmentName"> 
      <string>Segment_52</string> 
     </void> 
    </object> 
   </void> 
   <void method="add"> 
    <object id="Segment23" class="ucl.physiol.neuroconstruct.cell.Segment"> 
     <void property="endPointPositionX"> 
      <float>-70.0</float> 
     </void> 
     <void property="endPointPositionY"> 
      <float>-70.0</float> 
     </void> 
     <void property="endPointPositionZ"> 
      <float>-70.0</float> 
     </void> 
     <void property="parentSegment"> 
      <object idref="Segment18"/> 
     </void> 
     <void property="radius"> 
      <float>3.0</float> 
     </void> 
     <void property="section"> 
      <object class="ucl.physiol.neuroconstruct.cell.Section"> 
       <void property="groups"> 
        <void method="add"> 
         <string>dendrite_group</string> 
        </void> 
        <void method="add"> 
         <string>Level3</string> 
        </void> 
       </void> 
       <void property="sectionName"> 
        <string>Section_28</string> 
       </void> 
       <void property="startPointPositionX"> 
        <float>-35.0</float> 
       </void> 
       <void property="startPointPositionY"> 
        <float>-35.0</float> 
       </void> 
       <void property="startPointPositionZ"> 
        <float>-35.0</float> 
       </void> 
       <void property="startRadius"> 
        <float>3.0</float> 
       </void> 
      </object> 
     </void> 
     <void property="segmentId"> 
      <int>53</int> 
     </void> 
     <void property="segmentName"> 
      <string>Segment_53</string> 
     </void> 
    </object> 
   </void> 
   <void method="add"> 
    <object class="ucl.physiol.neuroconstruct.cell.Segment"> 
     <void property="endPointPositionX"> 
      <float>-105.0</float> 
     </void> 
     <void property="endPointPositionY"> 
      <float>-105.0</float> 
     </void> 
     <void property="endPointPositionZ"> 
      <float>-105.0</float> 
     </void> 
     <void property="parentSegment"> 
      <object idref="Segment23"/> 
     </void> 
     <void property="radius"> 
      <float>3.0</float> 
     </void> 
     <void property="section"> 
      <object class="ucl.physiol.neuroconstruct.cell.Section"> 
       <void property="groups"> 
        <void method="add"> 
         <string>dendrite_group</string> 
        </void> 
        <void method="add"> 
         <string>Level4</string> 
        </void> 
       </void> 
       <void property="sectionName"> 
        <string>Section_29</string> 
       </void> 
       <void property="startPointPositionX"> 
        <float>-70.0</float> 
       </void> 
       <void property="startPointPositionY"> 
        <float>-70.0</float> 
       </void> 
       <void property="startPointPositionZ"> 
        <float>-70.0</float> 
       </void> 
       <void property="startRadius"> 
        <float>3.0</float> 
       </void> 
      </object> 
     </void> 
     <void property="segmentId"> 
      <int>54</int> 
     </void> 
     <void property="segmentName"> 
      <string>Segment_54</string> 
     </void> 
    </object> 
   </void> 
   <void method="add"> 
    <object id="Segment24" class="ucl.physiol.neuroconstruct.cell.Segment"> 
     <void property="endPointPositionX"> 
      <float>-100.0</float> 
     </void> 
     <void property="endPointPositionY"> 
      <float>70.0</float> 
     </void> 
     <void property="endPointPositionZ"> 
      <float>0.0</float> 
     </void> 
     <void property="parentSegment"> 
      <object idref="Segment5"/> 
     </void> 
     <void property="radius"> 
      <float>4.0</float> 
     </void> 
     <void property="section"> 
      <object class="ucl.physiol.neuroconstruct.cell.Section"> 
       <void property="groups"> 
        <void method="add"> 
         <string>dendrite_group</string> 
        </void> 
        <void method="add"> 
         <string>Level3</string> 
        </void> 
       </void> 
       <void property="sectionName"> 
        <string>Section_30</string> 
       </void> 
       <void property="startPointPositionX"> 
        <float>-50.0</float> 
       </void> 
       <void property="startPointPositionY"> 
        <float>70.0</float> 
       </void> 
       <void property="startPointPositionZ"> 
        <float>0.0</float> 
       </void> 
       <void property="startRadius"> 
        <float>4.0</float> 
       </void> 
      </object> 
     </void> 
     <void property="segmentId"> 
      <int>55</int> 
     </void> 
     <void property="segmentName"> 
      <string>Segment_55</string> 
     </void> 
    </object> 
   </void> 
   <void method="add"> 
    <object class="ucl.physiol.neuroconstruct.cell.Segment"> 
     <void property="endPointPositionX"> 
      <float>-150.0</float> 
     </void> 
     <void property="endPointPositionY"> 
      <float>70.0</float> 
     </void> 
     <void property="endPointPositionZ"> 
      <float>0.0</float> 
     </void> 
     <void property="parentSegment"> 
      <object idref="Segment24"/> 
     </void> 
     <void property="radius"> 
      <float>4.0</float> 
     </void> 
     <void property="section"> 
      <object class="ucl.physiol.neuroconstruct.cell.Section"> 
       <void property="groups"> 
        <void method="add"> 
         <string>dendrite_group</string> 
        </void> 
        <void method="add"> 
         <string>Level4</string> 
        </void> 
       </void> 
       <void property="sectionName"> 
        <string>Section_31</string> 
       </void> 
       <void property="startPointPositionX"> 
        <float>-100.0</float> 
       </void> 
       <void property="startPointPositionY"> 
        <float>70.0</float> 
       </void> 
       <void property="startPointPositionZ"> 
        <float>0.0</float> 
       </void> 
       <void property="startRadius"> 
        <float>4.0</float> 
       </void> 
      </object> 
     </void> 
     <void property="segmentId"> 
      <int>56</int> 
     </void> 
     <void property="segmentName"> 
      <string>Segment_56</string> 
     </void> 
    </object> 
   </void> 
   <void method="add"> 
    <object id="Segment25" class="ucl.physiol.neuroconstruct.cell.Segment"> 
     <void property="endPointPositionX"> 
      <float>100.0</float> 
     </void> 
     <void property="endPointPositionY"> 
      <float>70.0</float> 
     </void> 
     <void property="endPointPositionZ"> 
      <float>0.0</float> 
     </void> 
     <void property="parentSegment"> 
      <object idref="Segment4"/> 
     </void> 
     <void property="radius"> 
      <float>4.0</float> 
     </void> 
     <void property="section"> 
      <object class="ucl.physiol.neuroconstruct.cell.Section"> 
       <void property="groups"> 
        <void method="add"> 
         <string>dendrite_group</string> 
        </void> 
        <void method="add"> 
         <string>Level3</string> 
        </void> 
       </void> 
       <void property="sectionName"> 
        <string>Section_32</string> 
       </void> 
       <void property="startPointPositionX"> 
        <float>50.0</float> 
       </void> 
       <void property="startPointPositionY"> 
        <float>70.0</float> 
       </void> 
       <void property="startPointPositionZ"> 
        <float>0.0</float> 
       </void> 
       <void property="startRadius"> 
        <float>4.0</float> 
       </void> 
      </object> 
     </void> 
     <void property="segmentId"> 
      <int>57</int> 
     </void> 
     <void property="segmentName"> 
      <string>Segment_57</string> 
     </void> 
    </object> 
   </void> 
   <void method="add"> 
    <object class="ucl.physiol.neuroconstruct.cell.Segment"> 
     <void property="endPointPositionX"> 
      <float>150.0</float> 
     </void> 
     <void property="endPointPositionY"> 
      <float>70.0</float> 
     </void> 
     <void property="endPointPositionZ"> 
      <float>0.0</float> 
     </void> 
     <void property="parentSegment"> 
      <object idref="Segment25"/> 
     </void> 
     <void property="radius"> 
      <float>4.0</float> 
     </void> 
     <void property="section"> 
      <object class="ucl.physiol.neuroconstruct.cell.Section"> 
       <void property="groups"> 
        <void method="add"> 
         <string>dendrite_group</string> 
        </void> 
        <void method="add"> 
         <string>Level4</string> 
        </void> 
       </void> 
       <void property="sectionName"> 
        <string>Section_33</string> 
       </void> 
       <void property="startPointPositionX"> 
        <float>100.0</float> 
       </void> 
       <void property="startPointPositionY"> 
        <float>70.0</float> 
       </void> 
       <void property="startPointPositionZ"> 
        <float>0.0</float> 
       </void> 
       <void property="startRadius"> 
        <float>4.0</float> 
       </void> 
      </object> 
     </void> 
     <void property="segmentId"> 
      <int>58</int> 
     </void> 
     <void property="segmentName"> 
      <string>Segment_58</string> 
     </void> 
    </object> 
   </void> 
   <void method="add"> 
    <object id="Segment26" class="ucl.physiol.neuroconstruct.cell.Segment"> 
     <void property="endPointPositionX"> 
      <float>0.0</float> 
     </void> 
     <void property="endPointPositionY"> 
      <float>120.0</float> 
     </void> 
     <void property="endPointPositionZ"> 
      <float>-100.0</float> 
     </void> 
     <void property="parentSegment"> 
      <object idref="Segment7"/> 
     </void> 
     <void property="radius"> 
      <float>4.0</float> 
     </void> 
     <void property="section"> 
      <object class="ucl.physiol.neuroconstruct.cell.Section"> 
       <void property="groups"> 
        <void method="add"> 
         <string>dendrite_group</string> 
        </void> 
        <void method="add"> 
         <string>Level3</string> 
        </void> 
       </void> 
       <void property="sectionName"> 
        <string>Section_34</string> 
       </void> 
       <void property="startPointPositionX"> 
        <float>0.0</float> 
       </void> 
       <void property="startPointPositionY"> 
        <float>120.0</float> 
       </void> 
       <void property="startPointPositionZ"> 
        <float>-50.0</float> 
       </void> 
       <void property="startRadius"> 
        <float>4.0</float> 
       </void> 
      </object> 
     </void> 
     <void property="segmentId"> 
      <int>59</int> 
     </void> 
     <void property="segmentName"> 
      <string>Segment_59</string> 
     </void> 
    </object> 
   </void> 
   <void method="add"> 
    <object class="ucl.physiol.neuroconstruct.cell.Segment"> 
     <void property="endPointPositionX"> 
      <float>0.0</float> 
     </void> 
     <void property="endPointPositionY"> 
      <float>120.0</float> 
     </void> 
     <void property="endPointPositionZ"> 
      <float>-150.0</float> 
     </void> 
     <void property="parentSegment"> 
      <object idref="Segment26"/> 
     </void> 
     <void property="radius"> 
      <float>4.0</float> 
     </void> 
     <void property="section"> 
      <object class="ucl.physiol.neuroconstruct.cell.Section"> 
       <void property="groups"> 
        <void method="add"> 
         <string>dendrite_group</string> 
        </void> 
        <void method="add"> 
         <string>Level4</string> 
        </void> 
       </void> 
       <void property="sectionName"> 
        <string>Section_35</string> 
       </void> 
       <void property="startPointPositionX"> 
        <float>0.0</float> 
       </void> 
       <void property="startPointPositionY"> 
        <float>120.0</float> 
       </void> 
       <void property="startPointPositionZ"> 
        <float>-100.0</float> 
       </void> 
       <void property="startRadius"> 
        <float>4.0</float> 
       </void> 
      </object> 
     </void> 
     <void property="segmentId"> 
      <int>60</int> 
     </void> 
     <void property="segmentName"> 
      <string>Segment_60</string> 
     </void> 
    </object> 
   </void> 
   <void method="add"> 
    <object id="Segment27" class="ucl.physiol.neuroconstruct.cell.Segment"> 
     <void property="endPointPositionX"> 
      <float>0.0</float> 
     </void> 
     <void property="endPointPositionY"> 
      <float>120.0</float> 
     </void> 
     <void property="endPointPositionZ"> 
      <float>100.0</float> 
     </void> 
     <void property="parentSegment"> 
      <object idref="Segment6"/> 
     </void> 
     <void property="radius"> 
      <float>4.0</float> 
     </void> 
     <void property="section"> 
      <object class="ucl.physiol.neuroconstruct.cell.Section"> 
       <void property="groups"> 
        <void method="add"> 
         <string>dendrite_group</string> 
        </void> 
        <void method="add"> 
         <string>Level3</string> 
        </void> 
       </void> 
       <void property="sectionName"> 
        <string>Section_36</string> 
       </void> 
       <void property="startPointPositionX"> 
        <float>0.0</float> 
       </void> 
       <void property="startPointPositionY"> 
        <float>120.0</float> 
       </void> 
       <void property="startPointPositionZ"> 
        <float>50.0</float> 
       </void> 
       <void property="startRadius"> 
        <float>4.0</float> 
       </void> 
      </object> 
     </void> 
     <void property="segmentId"> 
      <int>61</int> 
     </void> 
     <void property="segmentName"> 
      <string>Segment_61</string> 
     </void> 
    </object> 
   </void> 
   <void method="add"> 
    <object class="ucl.physiol.neuroconstruct.cell.Segment"> 
     <void property="endPointPositionX"> 
      <float>0.0</float> 
     </void> 
     <void property="endPointPositionY"> 
      <float>120.0</float> 
     </void> 
     <void property="endPointPositionZ"> 
      <float>150.0</float> 
     </void> 
     <void property="parentSegment"> 
      <object idref="Segment27"/> 
     </void> 
     <void property="radius"> 
      <float>4.0</float> 
     </void> 
     <void property="section"> 
      <object class="ucl.physiol.neuroconstruct.cell.Section"> 
       <void property="groups"> 
        <void method="add"> 
         <string>dendrite_group</string> 
        </void> 
        <void method="add"> 
         <string>Level4</string> 
        </void> 
       </void> 
       <void property="sectionName"> 
        <string>Section_37</string> 
       </void> 
       <void property="startPointPositionX"> 
        <float>0.0</float> 
       </void> 
       <void property="startPointPositionY"> 
        <float>120.0</float> 
       </void> 
       <void property="startPointPositionZ"> 
        <float>100.0</float> 
       </void> 
       <void property="startRadius"> 
        <float>4.0</float> 
       </void> 
      </object> 
     </void> 
     <void property="segmentId"> 
      <int>62</int> 
     </void> 
     <void property="segmentName"> 
      <string>Segment_62</string> 
     </void> 
    </object> 
   </void> 
   <void method="add"> 
    <object id="Segment28" class="ucl.physiol.neuroconstruct.cell.Segment"> 
     <void property="endPointPositionX"> 
      <float>-100.0</float> 
     </void> 
     <void property="endPointPositionY"> 
      <float>170.0</float> 
     </void> 
     <void property="endPointPositionZ"> 
      <float>0.0</float> 
     </void> 
     <void property="parentSegment"> 
      <object idref="Segment10"/> 
     </void> 
     <void property="radius"> 
      <float>4.0</float> 
     </void> 
     <void property="section"> 
      <object class="ucl.physiol.neuroconstruct.cell.Section"> 
       <void property="groups"> 
        <void method="add"> 
         <string>dendrite_group</string> 
        </void> 
        <void method="add"> 
         <string>Level3</string> 
        </void> 
       </void> 
       <void property="sectionName"> 
        <string>Section_38</string> 
       </void> 
       <void property="startPointPositionX"> 
        <float>-50.0</float> 
       </void> 
       <void property="startPointPositionY"> 
        <float>170.0</float> 
       </void> 
       <void property="startPointPositionZ"> 
        <float>0.0</float> 
       </void> 
       <void property="startRadius"> 
        <float>4.0</float> 
       </void> 
      </object> 
     </void> 
     <void property="segmentId"> 
      <int>63</int> 
     </void> 
     <void property="segmentName"> 
      <string>Segment_63</string> 
     </void> 
    </object> 
   </void> 
   <void method="add"> 
    <object class="ucl.physiol.neuroconstruct.cell.Segment"> 
     <void property="endPointPositionX"> 
      <float>-150.0</float> 
     </void> 
     <void property="endPointPositionY"> 
      <float>170.0</float> 
     </void> 
     <void property="endPointPositionZ"> 
      <float>0.0</float> 
     </void> 
     <void property="parentSegment"> 
      <object idref="Segment28"/> 
     </void> 
     <void property="radius"> 
      <float>4.0</float> 
     </void> 
     <void property="section"> 
      <object class="ucl.physiol.neuroconstruct.cell.Section"> 
       <void property="groups"> 
        <void method="add"> 
         <string>dendrite_group</string> 
        </void> 
        <void method="add"> 
         <string>Level4</string> 
        </void> 
       </void> 
       <void property="sectionName"> 
        <string>Section_39</string> 
       </void> 
       <void property="startPointPositionX"> 
        <float>-100.0</float> 
       </void> 
       <void property="startPointPositionY"> 
        <float>170.0</float> 
       </void> 
       <void property="startPointPositionZ"> 
        <float>0.0</float> 
       </void> 
       <void property="startRadius"> 
        <float>4.0</float> 
       </void> 
      </object> 
     </void> 
     <void property="segmentId"> 
      <int>64</int> 
     </void> 
     <void property="segmentName"> 
      <string>Segment_64</string> 
     </void> 
    </object> 
   </void> 
   <void method="add"> 
    <object id="Segment29" class="ucl.physiol.neuroconstruct.cell.Segment"> 
     <void property="endPointPositionX"> 
      <float>100.0</float> 
     </void> 
     <void property="endPointPositionY"> 
      <float>170.0</float> 
     </void> 
     <void property="endPointPositionZ"> 
      <float>0.0</float> 
     </void> 
     <void property="parentSegment"> 
      <object idref="Segment9"/> 
     </void> 
     <void property="radius"> 
      <float>4.0</float> 
     </void> 
     <void property="section"> 
      <object class="ucl.physiol.neuroconstruct.cell.Section"> 
       <void property="groups"> 
        <void method="add"> 
         <string>dendrite_group</string> 
        </void> 
        <void method="add"> 
         <string>Level3</string> 
        </void> 
       </void> 
       <void property="sectionName"> 
        <string>Section_40</string> 
       </void> 
       <void property="startPointPositionX"> 
        <float>50.0</float> 
       </void> 
       <void property="startPointPositionY"> 
        <float>170.0</float> 
       </void> 
       <void property="startPointPositionZ"> 
        <float>0.0</float> 
       </void> 
       <void property="startRadius"> 
        <float>4.0</float> 
       </void> 
      </object> 
     </void> 
     <void property="segmentId"> 
      <int>65</int> 
     </void> 
     <void property="segmentName"> 
      <string>Segment_65</string> 
     </void> 
    </object> 
   </void> 
   <void method="add"> 
    <object class="ucl.physiol.neuroconstruct.cell.Segment"> 
     <void property="endPointPositionX"> 
      <float>150.0</float> 
     </void> 
     <void property="endPointPositionY"> 
      <float>170.0</float> 
     </void> 
     <void property="endPointPositionZ"> 
      <float>0.0</float> 
     </void> 
     <void property="parentSegment"> 
      <object idref="Segment29"/> 
     </void> 
     <void property="radius"> 
      <float>4.0</float> 
     </void> 
     <void property="section"> 
      <object class="ucl.physiol.neuroconstruct.cell.Section"> 
       <void property="groups"> 
        <void method="add"> 
         <string>dendrite_group</string> 
        </void> 
        <void method="add"> 
         <string>Level4</string> 
        </void> 
       </void> 
       <void property="sectionName"> 
        <string>Section_41</string> 
       </void> 
       <void property="startPointPositionX"> 
        <float>100.0</float> 
       </void> 
       <void property="startPointPositionY"> 
        <float>170.0</float> 
       </void> 
       <void property="startPointPositionZ"> 
        <float>0.0</float> 
       </void> 
       <void property="startRadius"> 
        <float>4.0</float> 
       </void> 
      </object> 
     </void> 
     <void property="segmentId"> 
      <int>66</int> 
     </void> 
     <void property="segmentName"> 
      <string>Segment_66</string> 
     </void> 
    </object> 
   </void> 
   <void method="add"> 
    <object id="Segment30" class="ucl.physiol.neuroconstruct.cell.Segment"> 
     <void property="endPointPositionX"> 
      <float>0.0</float> 
     </void> 
     <void property="endPointPositionY"> 
      <float>270.0</float> 
     </void> 
     <void property="endPointPositionZ"> 
      <float>0.0</float> 
     </void> 
     <void property="parentSegment"> 
      <object idref="Segment11"/> 
     </void> 
     <void property="radius"> 
      <float>4.0</float> 
     </void> 
     <void property="section"> 
      <object class="ucl.physiol.neuroconstruct.cell.Section"> 
       <void property="groups"> 
        <void method="add"> 
         <string>dendrite_group</string> 
        </void> 
        <void method="add"> 
         <string>Levels8to15</string> 
        </void> 
       </void> 
       <void property="sectionName"> 
        <string>Section_42</string> 
       </void> 
       <void property="startPointPositionX"> 
        <float>0.0</float> 
       </void> 
       <void property="startPointPositionY"> 
        <float>220.0</float> 
       </void> 
       <void property="startPointPositionZ"> 
        <float>0.0</float> 
       </void> 
       <void property="startRadius"> 
        <float>4.5</float> 
       </void> 
      </object> 
     </void> 
     <void property="segmentId"> 
      <int>67</int> 
     </void> 
     <void property="segmentName"> 
      <string>Segment_43</string> 
     </void> 
    </object> 
   </void> 
   <void method="add"> 
    <object id="Segment31" class="ucl.physiol.neuroconstruct.cell.Segment"> 
     <void property="endPointPositionX"> 
      <float>0.0</float> 
     </void> 
     <void property="endPointPositionY"> 
      <float>320.0</float> 
     </void> 
     <void property="endPointPositionZ"> 
      <float>0.0</float> 
     </void> 
     <void property="parentSegment"> 
      <object idref="Segment30"/> 
     </void> 
     <void property="radius"> 
      <float>3.5</float> 
     </void> 
     <void property="section"> 
      <object class="ucl.physiol.neuroconstruct.cell.Section"> 
       <void property="groups"> 
        <void method="add"> 
         <string>dendrite_group</string> 
        </void> 
        <void method="add"> 
         <string>Levels8to15</string> 
        </void> 
       </void> 
       <void property="sectionName"> 
        <string>Section_43</string> 
       </void> 
       <void property="startPointPositionX"> 
        <float>0.0</float> 
       </void> 
       <void property="startPointPositionY"> 
        <float>270.0</float> 
       </void> 
       <void property="startPointPositionZ"> 
        <float>0.0</float> 
       </void> 
       <void property="startRadius"> 
        <float>4.0</float> 
       </void> 
      </object> 
     </void> 
     <void property="segmentId"> 
      <int>68</int> 
     </void> 
     <void property="segmentName"> 
      <string>Segment_44</string> 
     </void> 
    </object> 
   </void> 
   <void method="add"> 
    <object id="Segment32" class="ucl.physiol.neuroconstruct.cell.Segment"> 
     <void property="endPointPositionX"> 
      <float>0.0</float> 
     </void> 
     <void property="endPointPositionY"> 
      <float>370.0</float> 
     </void> 
     <void property="endPointPositionZ"> 
      <float>0.0</float> 
     </void> 
     <void property="parentSegment"> 
      <object idref="Segment31"/> 
     </void> 
     <void property="radius"> 
      <float>3.0</float> 
     </void> 
     <void property="section"> 
      <object class="ucl.physiol.neuroconstruct.cell.Section"> 
       <void property="groups"> 
        <void method="add"> 
         <string>dendrite_group</string> 
        </void> 
        <void method="add"> 
         <string>Levels8to15</string> 
        </void> 
       </void> 
       <void property="sectionName"> 
        <string>Section_44</string> 
       </void> 
       <void property="startPointPositionX"> 
        <float>0.0</float> 
       </void> 
       <void property="startPointPositionY"> 
        <float>320.0</float> 
       </void> 
       <void property="startPointPositionZ"> 
        <float>0.0</float> 
       </void> 
       <void property="startRadius"> 
        <float>3.5</float> 
       </void> 
      </object> 
     </void> 
     <void property="segmentId"> 
      <int>69</int> 
     </void> 
     <void property="segmentName"> 
      <string>Segment_45</string> 
     </void> 
    </object> 
   </void> 
   <void method="add"> 
    <object id="Segment33" class="ucl.physiol.neuroconstruct.cell.Segment"> 
     <void property="endPointPositionX"> 
      <float>0.0</float> 
     </void> 
     <void property="endPointPositionY"> 
      <float>420.0</float> 
     </void> 
     <void property="endPointPositionZ"> 
      <float>0.0</float> 
     </void> 
     <void property="parentSegment"> 
      <object idref="Segment32"/> 
     </void> 
     <void property="radius"> 
      <float>2.5</float> 
     </void> 
     <void property="section"> 
      <object class="ucl.physiol.neuroconstruct.cell.Section"> 
       <void property="groups"> 
        <void method="add"> 
         <string>dendrite_group</string> 
        </void> 
        <void method="add"> 
         <string>Levels8to15</string> 
        </void> 
       </void> 
       <void property="sectionName"> 
        <string>Section_45</string> 
       </void> 
       <void property="startPointPositionX"> 
        <float>0.0</float> 
       </void> 
       <void property="startPointPositionY"> 
        <float>370.0</float> 
       </void> 
       <void property="startPointPositionZ"> 
        <float>0.0</float> 
       </void> 
       <void property="startRadius"> 
        <float>3.0</float> 
       </void> 
      </object> 
     </void> 
     <void property="segmentId"> 
      <int>70</int> 
     </void> 
     <void property="segmentName"> 
      <string>Segment_67</string> 
     </void> 
    </object> 
   </void> 
   <void method="add"> 
    <object id="Segment34" class="ucl.physiol.neuroconstruct.cell.Segment"> 
     <void property="endPointPositionX"> 
      <float>0.0</float> 
     </void> 
     <void property="endPointPositionY"> 
      <float>470.0</float> 
     </void> 
     <void property="endPointPositionZ"> 
      <float>0.0</float> 
     </void> 
     <void property="parentSegment"> 
      <object idref="Segment33"/> 
     </void> 
     <void property="radius"> 
      <float>2.0</float> 
     </void> 
     <void property="section"> 
      <object class="ucl.physiol.neuroconstruct.cell.Section"> 
       <void property="groups"> 
        <void method="add"> 
         <string>dendrite_group</string> 
        </void> 
        <void method="add"> 
         <string>Levels8to15</string> 
        </void> 
       </void> 
       <void property="sectionName"> 
        <string>Section_46</string> 
       </void> 
       <void property="startPointPositionX"> 
        <float>0.0</float> 
       </void> 
       <void property="startPointPositionY"> 
        <float>420.0</float> 
       </void> 
       <void property="startPointPositionZ"> 
        <float>0.0</float> 
       </void> 
       <void property="startRadius"> 
        <float>2.5</float> 
       </void> 
      </object> 
     </void> 
     <void property="segmentId"> 
      <int>71</int> 
     </void> 
     <void property="segmentName"> 
      <string>Segment_68</string> 
     </void> 
    </object> 
   </void> 
   <void method="add"> 
    <object class="ucl.physiol.neuroconstruct.cell.Segment"> 
     <void property="endPointPositionX"> 
      <float>0.0</float> 
     </void> 
     <void property="endPointPositionY"> 
      <float>520.0</float> 
     </void> 
     <void property="endPointPositionZ"> 
      <float>0.0</float> 
     </void> 
     <void property="parentSegment"> 
      <object idref="Segment34"/> 
     </void> 
     <void property="radius"> 
      <float>1.5</float> 
     </void> 
     <void property="section"> 
      <object class="ucl.physiol.neuroconstruct.cell.Section"> 
       <void property="groups"> 
        <void method="add"> 
         <string>dendrite_group</string> 
        </void> 
        <void method="add"> 
         <string>Levels8to15</string> 
        </void> 
       </void> 
       <void property="sectionName"> 
        <string>Section_47</string> 
       </void> 
       <void property="startPointPositionX"> 
        <float>0.0</float> 
       </void> 
       <void property="startPointPositionY"> 
        <float>470.0</float> 
       </void> 
       <void property="startPointPositionZ"> 
        <float>0.0</float> 
       </void> 
       <void property="startRadius"> 
        <float>2.0</float> 
       </void> 
      </object> 
     </void> 
     <void property="segmentId"> 
      <int>72</int> 
     </void> 
     <void property="segmentName"> 
      <string>Segment_69</string> 
     </void> 
    </object> 
   </void> 
  </void> 
  <void property="cellDescription"> 
   <string>A Simple cell for testing purposes</string> 
  </void> 
  <void property="chanMechsVsGroups"> 
   <void method="put"> 
    <object class="ucl.physiol.neuroconstruct.cell.ChannelMechanism"> 
     <void property="density"> 
      <float>1.5E-6</float> 
     </void> 
     <void property="name"> 
      <string>NaF</string> 
     </void> 
    </object> 
    <object class="java.util.Vector"> 
     <void method="add"> 
      <string>Level5</string> 
     </void> 
    </object> 
   </void> 
   <void method="put"> 
    <object class="ucl.physiol.neuroconstruct.cell.ChannelMechanism"> 
     <void property="density"> 
      <float>4.5E-6</float> 
     </void> 
     <void property="name"> 
      <string>KDR</string> 
     </void> 
    </object> 
    <object class="java.util.Vector"> 
     <void method="add"> 
      <string>Level0</string> 
     </void> 
    </object> 
   </void> 
   <void method="put"> 
    <object class="ucl.physiol.neuroconstruct.cell.ChannelMechanism"> 
     <void property="density"> 
      <float>1.7E-6</float> 
     </void> 
     <void property="name"> 
      <string>KDR</string> 
     </void> 
    </object> 
    <object class="java.util.Vector"> 
     <void method="add"> 
      <string>Level1</string> 
     </void> 
    </object> 
   </void> 
   <void method="put"> 
    <object class="ucl.physiol.neuroconstruct.cell.ChannelMechanism"> 
     <void property="density"> 
      <float>1.2E-6</float> 
     </void> 
     <void property="name"> 
      <string>KDR</string> 
     </void> 
    </object> 
    <object class="java.util.Vector"> 
     <void method="add"> 
      <string>Level5</string> 
     </void> 
    </object> 
   </void> 
   <void method="put"> 
    <object class="ucl.physiol.neuroconstruct.cell.ChannelMechanism"> 
     <void property="density"> 
      <float>7.5E-7</float> 
     </void> 
     <void property="name"> 
      <string>NaF</string> 
     </void> 
    </object> 
    <object class="java.util.Vector"> 
     <void method="add"> 
      <string>Level6</string> 
     </void> 
    </object> 
   </void> 
   <void method="put"> 
    <object class="ucl.physiol.neuroconstruct.cell.ChannelMechanism"> 
     <void property="density"> 
      <float>2.0E-10</float> 
     </void> 
     <void property="name"> 
      <string>LeakConductance</string> 
     </void> 
    </object> 
    <object class="java.util.Vector"> 
     <void method="add"> 
      <string>all</string> 
     </void> 
    </object> 
   </void> 
   <void method="put"> 
    <object class="ucl.physiol.neuroconstruct.cell.ChannelMechanism"> 
     <void property="density"> 
      <float>5.0E-8</float> 
     </void> 
     <void property="name"> 
      <string>NaF</string> 
     </void> 
    </object> 
    <object class="java.util.Vector"> 
     <void method="add"> 
      <string>Level4</string> 
     </void> 
    </object> 
   </void> 
   <void method="put"> 
    <object class="ucl.physiol.neuroconstruct.cell.ChannelMechanism"> 
     <void property="density"> 
      <float>7.5E-7</float> 
     </void> 
     <void property="name"> 
      <string>KDR</string> 
     </void> 
    </object> 
    <object class="java.util.Vector"> 
     <void method="add"> 
      <string>Level6</string> 
     </void> 
    </object> 
   </void> 
   <void method="put"> 
    <object class="ucl.physiol.neuroconstruct.cell.ChannelMechanism"> 
     <void property="density"> 
      <float>5.0E-8</float> 
     </void> 
     <void property="name"> 
      <string>NaF</string> 
     </void> 
    </object> 
    <object class="java.util.Vector"> 
     <void method="add"> 
      <string>Level7</string> 
     </void> 
    </object> 
   </void> 
   <void method="put"> 
    <object class="ucl.physiol.neuroconstruct.cell.ChannelMechanism"> 
     <void property="density"> 
      <float>4.5E-6</float> 
     </void> 
     <void property="name"> 
      <string>NaF</string> 
     </void> 
    </object> 
    <object class="java.util.Vector"> 
     <void method="add"> 
      <string>Level0</string> 
     </void> 
    </object> 
   </void> 
   <void method="put"> 
    <object class="ucl.physiol.neuroconstruct.cell.ChannelMechanism"> 
     <void property="density"> 
      <float>7.5E-7</float> 
     </void> 
     <void property="name"> 
      <string>NaF</string> 
     </void> 
    </object> 
    <object class="java.util.Vector"> 
     <void method="add"> 
      <string>Level2</string> 
     </void> 
    </object> 
   </void> 
   <void method="put"> 
    <object class="ucl.physiol.neuroconstruct.cell.ChannelMechanism"> 
     <void property="density"> 
      <float>5.0E-8</float> 
     </void> 
     <void property="name"> 
      <string>NaF</string> 
     </void> 
    </object> 
    <object class="java.util.Vector"> 
     <void method="add"> 
      <string>Levels8to15</string> 
     </void> 
    </object> 
   </void> 
   <void method="put"> 
    <object class="ucl.physiol.neuroconstruct.cell.ChannelMechanism"> 
     <void property="density"> 
      <float>7.5E-7</float> 
     </void> 
     <void property="name"> 
      <string>KDR</string> 
     </void> 
    </object> 
    <object class="java.util.Vector"> 
     <void method="add"> 
      <string>Level2</string> 
     </void> 
    </object> 
   </void> 
   <void method="put"> 
    <object class="ucl.physiol.neuroconstruct.cell.ChannelMechanism"> 
     <void property="density"> 
      <float>5.0E-8</float> 
     </void> 
     <void property="name"> 
      <string>NaF</string> 
     </void> 
    </object> 
    <object class="java.util.Vector"> 
     <void method="add"> 
      <string>Level3</string> 
     </void> 
    </object> 
   </void> 
   <void method="put"> 
    <object class="ucl.physiol.neuroconstruct.cell.ChannelMechanism"> 
     <void property="density"> 
      <float>2.0E-6</float> 
     </void> 
     <void property="name"> 
      <string>NaF</string> 
     </void> 
    </object> 
    <object class="java.util.Vector"> 
     <void method="add"> 
      <string>Level1</string> 
     </void> 
    </object> 
   </void> 
  </void> 
  <void property="instanceName"> 
   <string>NonTuftPyramidal</string> 
  </void> 
  <void property="synapsesVsGroups"> 
   <void method="put"> 
    <string>LTSInterToNTPyram</string> 
    <object class="java.util.Vector"> 
     <void method="add"> 
      <string>Levels8to15</string> 
     </void> 
     <void method="add"> 
      <string>Level3</string> 
     </void> 
     <void method="add"> 
      <string>Level4</string> 
     </void> 
    </object> 
   </void> 
  </void> 
 </object> 
</java> 
