<?xml version="1.0" encoding="UTF-8"?>
<channelml xmlns="http://morphml.org/channelml/schema" xmlns:xsi="http://www.w3.org/2001/XMLSchema-instance" xmlns:meta="http://morphml.org/metadata/schema" xsi:schemaLocation="http://morphml.org/channelml/schema  ../../Schemata/v1.1/Level2/ChannelML_v1.1.xsd" units="Physiological Units">
    
    <meta:notes>ChannelML file describing a synaptic mechanism</meta:notes>
    
     
    <synapse_type name="LTSInterToNTPyram">
    
        <meta:notes>Simple example of a synaptic mechanism, which consists of a postsynaptic conductance which changes as 
        double exponential function of time</meta:notes>
        
        <meta:neuronDBref>
    <meta:modelName>Receptor properties</meta:modelName>

            <meta:uri>http://senselab.med.yale.edu/senselab/NeuronDB/receptors2.asp</meta:uri></meta:neuronDBref>
        
        <doub_exp_syn max_conductance="1.0E-5" rise_time="1" decay_time="2" reversal_potential="0"/>
    
    </synapse_type>
    
    
    
</channelml>