<?xml version="1.0" encoding="UTF-8"?>
<!--
    Example of a simple leak current specified in ChannelML. 
    Taken from Michael Hines's initial proposal
-->

<channelml xmlns="http://morphml.org/channelml/schema" xmlns:xsi="http://www.w3.org/2001/XMLSchema-instance" xmlns:meta="http://morphml.org/metadata/schema" xsi:schemaLocation="http://morphml.org/channelml/schema     ../../Schemata/v1.2/Level2/ChannelML_v1.2.xsd" units="Physiological Units">
    
    <meta:notes>ChannelML file containing a single Channel description</meta:notes>

     <!-- A suggestion for how to deal with a non specific current, in a similar way to dealing with other ions-->

 <ion name="non_specific" charge="1" default_erev="-54.3"/>      <!-- phys units: mV -->

 
 
 <channel_type name="LeakConductance" density="yes">
    
        <meta:notes>Simple example of a leak/passive conductance. Note: for GENESIS cells with a single leak conductance,
        it is better to use the Rm and Em variables for a passive current.</meta:notes>
        
   <current_voltage_relation>
     <ohmic ion="non_specific">
      <conductance default_gmax="0.3"/>       <!-- phys units: mS/cm2-->

     </ohmic>
   </current_voltage_relation>
   
 </channel_type>
 
</channelml>